#
# There is insufficient memory for the Java Runtime Environment to continue.
# Native memory allocation (mmap) failed to map 65536 bytes. Error detail: Failed to commit metaspace.
# Possible reasons:
#   The system is out of physical RAM or swap space
#   This process is running with CompressedOops enabled, and the Java Heap may be blocking the growth of the native heap
# Possible solutions:
#   Reduce memory load on the system
#   Increase physical memory or swap space
#   Check if swap backing store is full
#   Decrease Java heap size (-Xmx/-Xms)
#   Decrease Java thread stack sizes (-Xss)
#   Set larger code cache with -XX:ReservedCodeCacheSize=
#   JVM is running with Unscaled Compressed Oops mode in which the Java heap is
#     placed in the first 4GB address space. The Java Heap base address is the
#     maximum limit for the native heap growth. Please use -XX:HeapBaseMinAddress
#     to set the Java Heap base and to place the Java Heap above 4GB virtual address.
# This output file may be truncated or incomplete.
#
#  Out of Memory Error (virtualSpaceNode.cpp:113), pid=41548, tid=20776
#
# JRE version: OpenJDK Runtime Environment Temurin-21.0.10+7 (21.0.10+7) (build 21.0.10+7-LTS)
# Java VM: OpenJDK 64-Bit Server VM Temurin-21.0.10+7 (21.0.10+7-LTS, mixed mode, emulated-client, sharing, tiered, compressed oops, compressed class ptrs, g1 gc, windows-amd64)
# No core dump will be written. Minidumps are not enabled by default on client versions of Windows
#

---------------  S U M M A R Y ------------

Command Line: -XX:TieredStopAtLevel=1 com.inmobiliaria.property_service.PropertyServiceApplication

Host: Intel(R) Core(TM) i7-6500U CPU @ 2.50GHz, 4 cores, 7G,  Windows 10 , 64 bit Build 19041 (10.0.19041.5915)
Time: Mon Jun  8 16:21:52 2026 Hora est. África Central Occid. elapsed time: 9.119934 seconds (0d 0h 0m 9s)

---------------  T H R E A D  ---------------

Current thread (0x000002b9c5fb35f0):  JavaThread "main"             [_thread_in_vm, id=20776, stack(0x000000ee64000000,0x000000ee64100000) (1024K)]

Stack: [0x000000ee64000000,0x000000ee64100000]
Native frames: (J=compiled Java code, j=interpreted, Vv=VM code, C=native code)
V  [jvm.dll+0x6d7a39]
V  [jvm.dll+0x8b4b26]
V  [jvm.dll+0x8b70de]
V  [jvm.dll+0x8b77c3]
V  [jvm.dll+0x284346]
V  [jvm.dll+0x8b086e]
V  [jvm.dll+0x679444]
V  [jvm.dll+0x1e82bb]
V  [jvm.dll+0x1e807e]
V  [jvm.dll+0x67bd42]
V  [jvm.dll+0x67bb72]
V  [jvm.dll+0x679e1e]
V  [jvm.dll+0x26f5c6]
V  [jvm.dll+0x219f3f]
V  [jvm.dll+0x20f62e]
V  [jvm.dll+0x5b644f]
V  [jvm.dll+0x82ec4d]
V  [jvm.dll+0x47952e]
V  [jvm.dll+0x48c8a6]
C  [java.dll+0x1657]

Java frames: (J=compiled Java code, j=interpreted, Vv=VM code)
j  java.lang.ClassLoader.defineClass0(Ljava/lang/ClassLoader;Ljava/lang/Class;Ljava/lang/String;[BIILjava/security/ProtectionDomain;ZILjava/lang/Object;)Ljava/lang/Class;+0 java.base@21.0.10
j  java.lang.System$2.defineClass(Ljava/lang/ClassLoader;Ljava/lang/Class;Ljava/lang/String;[BLjava/security/ProtectionDomain;ZILjava/lang/Object;)Ljava/lang/Class;+17 java.base@21.0.10
j  java.lang.invoke.MethodHandles$Lookup$ClassDefiner.defineClass(ZLjava/lang/Object;)Ljava/lang/Class;+57 java.base@21.0.10
j  java.lang.invoke.InvokerBytecodeGenerator.loadMethod([B)Ljava/lang/invoke/MemberName;+22 java.base@21.0.10
j  java.lang.invoke.InvokerBytecodeGenerator.generateCustomizedCode(Ljava/lang/invoke/LambdaForm;Ljava/lang/invoke/MethodType;)Ljava/lang/invoke/MemberName;+30 java.base@21.0.10
j  java.lang.invoke.LambdaForm.compileToBytecode()V+69 java.base@21.0.10
j  java.lang.invoke.DirectMethodHandle.makePreparedLambdaForm(Ljava/lang/invoke/MethodType;I)Ljava/lang/invoke/LambdaForm;+750 java.base@21.0.10
J 1138 c1 java.lang.invoke.DirectMethodHandle.preparedLambdaForm(Ljava/lang/invoke/MemberName;Z)Ljava/lang/invoke/LambdaForm; java.base@21.0.10 (244 bytes) @ 0x000002b9d039c524 [0x000002b9d039c280+0x00000000000002a4]
j  java.lang.invoke.DirectMethodHandle.preparedLambdaForm(Ljava/lang/invoke/MemberName;)Ljava/lang/invoke/LambdaForm;+2 java.base@21.0.10
j  java.lang.invoke.DirectMethodHandle.makeAllocator(Ljava/lang/invoke/MemberName;)Ljava/lang/invoke/DirectMethodHandle;+84 java.base@21.0.10
j  java.lang.invoke.DirectMethodHandle.make(Ljava/lang/invoke/MemberName;)Ljava/lang/invoke/DirectMethodHandle;+8 java.base@21.0.10
j  java.lang.invoke.MethodHandles$Lookup.getDirectConstructorCommon(Ljava/lang/Class;Ljava/lang/invoke/MemberName;Z)Ljava/lang/invoke/MethodHandle;+61 java.base@21.0.10
j  java.lang.invoke.MethodHandles$Lookup.getDirectConstructor(Ljava/lang/Class;Ljava/lang/invoke/MemberName;)Ljava/lang/invoke/MethodHandle;+6 java.base@21.0.10
j  java.lang.invoke.MethodHandles$Lookup.findConstructor(Ljava/lang/Class;Ljava/lang/invoke/MethodType;)Ljava/lang/invoke/MethodHandle;+57 java.base@21.0.10
j  java.lang.invoke.InnerClassLambdaMetafactory.buildCallSite()Ljava/lang/invoke/CallSite;+67 java.base@21.0.10
j  java.lang.invoke.LambdaMetafactory.metafactory(Ljava/lang/invoke/MethodHandles$Lookup;Ljava/lang/String;Ljava/lang/invoke/MethodType;Ljava/lang/invoke/MethodType;Ljava/lang/invoke/MethodHandle;Ljava/lang/invoke/MethodType;)Ljava/lang/invoke/CallSite;+67 java.base@21.0.10
j  java.lang.invoke.DirectMethodHandle$Holder.invokeStatic(Ljava/lang/Object;Ljava/lang/Object;Ljava/lang/Object;Ljava/lang/Object;Ljava/lang/Object;Ljava/lang/Object;Ljava/lang/Object;)Ljava/lang/Object;+20 java.base@21.0.10
j  java.lang.invoke.Invokers$Holder.invokeExact_MT(Ljava/lang/Object;Ljava/lang/Object;Ljava/lang/Object;Ljava/lang/Object;Ljava/lang/Object;Ljava/lang/Object;Ljava/lang/Object;Ljava/lang/Object;)Ljava/lang/Object;+28 java.base@21.0.10
j  java.lang.invoke.BootstrapMethodInvoker.invoke(Ljava/lang/Class;Ljava/lang/invoke/MethodHandle;Ljava/lang/String;Ljava/lang/Object;Ljava/lang/Object;Ljava/lang/Class;)Ljava/lang/Object;+319 java.base@21.0.10
j  java.lang.invoke.CallSite.makeSite(Ljava/lang/invoke/MethodHandle;Ljava/lang/String;Ljava/lang/invoke/MethodType;Ljava/lang/Object;Ljava/lang/Class;)Ljava/lang/invoke/CallSite;+8 java.base@21.0.10
j  java.lang.invoke.MethodHandleNatives.linkCallSiteImpl(Ljava/lang/Class;Ljava/lang/invoke/MethodHandle;Ljava/lang/String;Ljava/lang/invoke/MethodType;Ljava/lang/Object;[Ljava/lang/Object;)Ljava/lang/invoke/MemberName;+6 java.base@21.0.10
j  java.lang.invoke.MethodHandleNatives.linkCallSite(Ljava/lang/Object;Ljava/lang/Object;Ljava/lang/Object;Ljava/lang/Object;Ljava/lang/Object;[Ljava/lang/Object;)Ljava/lang/invoke/MemberName;+45 java.base@21.0.10
v  ~StubRoutines::call_stub 0x000002b9d00d100d
j  sun.reflect.annotation.AnnotationParser.parseEnumArray(ILjava/lang/Class;Ljava/nio/ByteBuffer;Ljdk/internal/reflect/ConstantPool;Ljava/lang/Class;)Ljava/lang/Object;+16 java.base@21.0.10
j  sun.reflect.annotation.AnnotationParser.parseArray(Ljava/lang/Class;Ljava/nio/ByteBuffer;Ljdk/internal/reflect/ConstantPool;Ljava/lang/Class;)Ljava/lang/Object;+204 java.base@21.0.10
j  sun.reflect.annotation.AnnotationParser.parseMemberValue(Ljava/lang/Class;Ljava/nio/ByteBuffer;Ljdk/internal/reflect/ConstantPool;Ljava/lang/Class;)Ljava/lang/Object;+87 java.base@21.0.10
j  sun.reflect.annotation.AnnotationParser.parseAnnotation2(Ljava/nio/ByteBuffer;Ljdk/internal/reflect/ConstantPool;Ljava/lang/Class;Z[Ljava/lang/Class;)Ljava/lang/annotation/Annotation;+208 java.base@21.0.10
j  sun.reflect.annotation.AnnotationParser.parseAnnotations2([BLjdk/internal/reflect/ConstantPool;Ljava/lang/Class;[Ljava/lang/Class;)Ljava/util/Map;+41 java.base@21.0.10
j  sun.reflect.annotation.AnnotationParser.parseAnnotations([BLjdk/internal/reflect/ConstantPool;Ljava/lang/Class;)Ljava/util/Map;+12 java.base@21.0.10
j  java.lang.Class.createAnnotationData(I)Ljava/lang/Class$AnnotationData;+9 java.base@21.0.10
j  java.lang.Class.annotationData()Ljava/lang/Class$AnnotationData;+26 java.base@21.0.10
j  java.lang.Class.getDeclaredAnnotations()[Ljava/lang/annotation/Annotation;+1 java.base@21.0.10
j  org.springframework.core.annotation.AnnotationsScanner.getDeclaredAnnotations(Ljava/lang/reflect/AnnotatedElement;Z)[Ljava/lang/annotation/Annotation;+25
j  org.springframework.core.annotation.AnnotationTypeMappings.addMetaAnnotationsToQueue(Ljava/util/Deque;Lorg/springframework/core/annotation/AnnotationTypeMapping;)V+5
j  org.springframework.core.annotation.AnnotationTypeMappings.addAllMappings(Ljava/lang/Class;Ljava/util/Set;)V+53
j  org.springframework.core.annotation.AnnotationTypeMappings.<init>(Lorg/springframework/core/annotation/RepeatableContainers;Lorg/springframework/core/annotation/AnnotationFilter;Ljava/lang/Class;Ljava/util/Set;)V+29
j  org.springframework.core.annotation.AnnotationTypeMappings$Cache.createMappings(Ljava/lang/Class;Ljava/util/Set;)Lorg/springframework/core/annotation/AnnotationTypeMappings;+14
j  org.springframework.core.annotation.AnnotationTypeMappings$Cache.get(Ljava/lang/Class;Ljava/util/Set;)Lorg/springframework/core/annotation/AnnotationTypeMappings;+23
j  org.springframework.core.annotation.AnnotationTypeMappings.forAnnotationType(Ljava/lang/Class;Lorg/springframework/core/annotation/RepeatableContainers;Lorg/springframework/core/annotation/AnnotationFilter;Ljava/util/Set;)Lorg/springframework/core/annotation/AnnotationTypeMappings;+27
j  org.springframework.core.annotation.AnnotationTypeMappings.forAnnotationType(Ljava/lang/Class;Lorg/springframework/core/annotation/RepeatableContainers;Lorg/springframework/core/annotation/AnnotationFilter;)Lorg/springframework/core/annotation/AnnotationTypeMappings;+10
j  org.springframework.core.annotation.TypeMappedAnnotations$MergedAnnotationFinder.process(Ljava/lang/Object;ILjava/lang/Object;Ljava/lang/annotation/Annotation;)Lorg/springframework/core/annotation/MergedAnnotation;+59
j  org.springframework.core.annotation.TypeMappedAnnotations$MergedAnnotationFinder.doWithAnnotations(Ljava/lang/Object;ILjava/lang/Object;[Ljava/lang/annotation/Annotation;)Lorg/springframework/core/annotation/MergedAnnotation;+54
j  org.springframework.core.annotation.TypeMappedAnnotations$MergedAnnotationFinder.doWithAnnotations(Ljava/lang/Object;ILjava/lang/Object;[Ljava/lang/annotation/Annotation;)Ljava/lang/Object;+6
j  org.springframework.core.annotation.AnnotationsScanner.processClassHierarchy(Ljava/lang/Object;[ILjava/lang/Class;Lorg/springframework/core/annotation/AnnotationsProcessor;ZLjava/util/function/Predicate;)Ljava/lang/Object;+44
j  org.springframework.core.annotation.AnnotationsScanner.processClassHierarchy(Ljava/lang/Object;Ljava/lang/Class;Lorg/springframework/core/annotation/AnnotationsProcessor;ZLjava/util/function/Predicate;)Ljava/lang/Object;+13
j  org.springframework.core.annotation.AnnotationsScanner.processClass(Ljava/lang/Object;Ljava/lang/Class;Lorg/springframework/core/annotation/MergedAnnotations$SearchStrategy;Ljava/util/function/Predicate;Lorg/springframework/core/annotation/AnnotationsProcessor;)Ljava/lang/Object;+88
j  org.springframework.core.annotation.AnnotationsScanner.process(Ljava/lang/Object;Ljava/lang/reflect/AnnotatedElement;Lorg/springframework/core/annotation/MergedAnnotations$SearchStrategy;Ljava/util/function/Predicate;Lorg/springframework/core/annotation/AnnotationsProcessor;)Ljava/lang/Object;+20
j  org.springframework.core.annotation.AnnotationsScanner.scan(Ljava/lang/Object;Ljava/lang/reflect/AnnotatedElement;Lorg/springframework/core/annotation/MergedAnnotations$SearchStrategy;Ljava/util/function/Predicate;Lorg/springframework/core/annotation/AnnotationsProcessor;)Ljava/lang/Object;+6
j  org.springframework.core.annotation.TypeMappedAnnotations.scan(Ljava/lang/Object;Lorg/springframework/core/annotation/AnnotationsProcessor;)Ljava/lang/Object;+60
j  org.springframework.core.annotation.TypeMappedAnnotations.get(Ljava/lang/Class;Ljava/util/function/Predicate;Lorg/springframework/core/annotation/MergedAnnotationSelector;)Lorg/springframework/core/annotation/MergedAnnotation;+30
j  org.springframework.core.annotation.TypeMappedAnnotations.get(Ljava/lang/Class;)Lorg/springframework/core/annotation/MergedAnnotation;+4
j  org.springframework.core.annotation.OrderUtils.findOrder(Lorg/springframework/core/annotation/MergedAnnotations;)Ljava/lang/Integer;+3
j  org.springframework.core.annotation.OrderUtils.getOrderFromAnnotations(Ljava/lang/reflect/AnnotatedElement;Lorg/springframework/core/annotation/MergedAnnotations;)Ljava/lang/Integer;+45
j  org.springframework.core.annotation.AnnotationAwareOrderComparator.findOrderFromAnnotation(Ljava/lang/Object;)Ljava/lang/Integer;+31
j  org.springframework.core.annotation.AnnotationAwareOrderComparator.findOrder(Ljava/lang/Object;)Ljava/lang/Integer;+14
j  org.springframework.core.OrderComparator.getOrder(Ljava/lang/Object;)I+6
j  org.springframework.core.OrderComparator.getOrder(Ljava/lang/Object;Lorg/springframework/core/OrderComparator$OrderSourceProvider;)I+107
j  org.springframework.core.OrderComparator.doCompare(Ljava/lang/Object;Ljava/lang/Object;Lorg/springframework/core/OrderComparator$OrderSourceProvider;)I+39
j  org.springframework.core.OrderComparator.compare(Ljava/lang/Object;Ljava/lang/Object;)I+4
j  java.util.TimSort.countRunAndMakeAscending([Ljava/lang/Object;IILjava/util/Comparator;)I+43 java.base@21.0.10
j  java.util.TimSort.sort([Ljava/lang/Object;IILjava/util/Comparator;[Ljava/lang/Object;II)V+60 java.base@21.0.10
j  java.util.Arrays.sort([Ljava/lang/Object;IILjava/util/Comparator;)V+43 java.base@21.0.10
j  java.util.ArrayList.sort(Ljava/util/Comparator;)V+15 java.base@21.0.10
j  org.springframework.core.annotation.AnnotationAwareOrderComparator.sort(Ljava/util/List;)V+14
j  org.springframework.core.io.support.SpringFactoriesLoader.load(Ljava/lang/Class;Lorg/springframework/core/io/support/SpringFactoriesLoader$ArgumentResolver;Lorg/springframework/core/io/support/SpringFactoriesLoader$FailureHandler;)Ljava/util/List;+124
j  org.springframework.core.io.support.SpringFactoriesLoader.load(Ljava/lang/Class;)Ljava/util/List;+4
j  org.springframework.core.io.support.SpringFactoriesLoader.loadFactories(Ljava/lang/Class;Ljava/lang/ClassLoader;)Ljava/util/List;+5
j  org.springframework.boot.logging.LoggingSystemFactory.lambda$fromSpringFactories$0(Ljava/lang/ClassLoader;)Ljava/util/List;+3
j  org.springframework.boot.logging.LoggingSystemFactory$$Lambda+0x000002b9810998a8.apply(Ljava/lang/Object;)Ljava/lang/Object;+4
j  org.springframework.boot.logging.DelegatingLoggingSystemFactory.getLoggingSystem(Ljava/lang/ClassLoader;)Lorg/springframework/boot/logging/LoggingSystem;+12
j  org.springframework.boot.logging.LoggingSystem.get(Ljava/lang/ClassLoader;)Lorg/springframework/boot/logging/LoggingSystem;+41
j  org.springframework.boot.context.logging.LoggingApplicationListener.onApplicationStartingEvent(Lorg/springframework/boot/context/event/ApplicationStartingEvent;)V+8
j  org.springframework.boot.context.logging.LoggingApplicationListener.onApplicationEvent(Lorg/springframework/context/ApplicationEvent;)V+14
j  org.springframework.context.event.SimpleApplicationEventMulticaster.doInvokeListener(Lorg/springframework/context/ApplicationListener;Lorg/springframework/context/ApplicationEvent;)V+2
j  org.springframework.context.event.SimpleApplicationEventMulticaster.invokeListener(Lorg/springframework/context/ApplicationListener;Lorg/springframework/context/ApplicationEvent;)V+34
j  org.springframework.context.event.SimpleApplicationEventMulticaster.multicastEvent(Lorg/springframework/context/ApplicationEvent;Lorg/springframework/core/ResolvableType;)V+104
j  org.springframework.context.event.SimpleApplicationEventMulticaster.multicastEvent(Lorg/springframework/context/ApplicationEvent;)V+3
j  org.springframework.boot.context.event.EventPublishingRunListener.multicastInitialEvent(Lorg/springframework/context/ApplicationEvent;)V+9
j  org.springframework.boot.context.event.EventPublishingRunListener.starting(Lorg/springframework/boot/ConfigurableBootstrapContext;)V+17
j  org.springframework.boot.SpringApplicationRunListeners.lambda$starting$0(Lorg/springframework/boot/ConfigurableBootstrapContext;Lorg/springframework/boot/SpringApplicationRunListener;)V+2
j  org.springframework.boot.SpringApplicationRunListeners$$Lambda+0x000002b981095800.accept(Ljava/lang/Object;)V+8
j  java.lang.Iterable.forEach(Ljava/util/function/Consumer;)V+30 java.base@21.0.10
j  org.springframework.boot.SpringApplicationRunListeners.doWithListeners(Ljava/lang/String;Ljava/util/function/Consumer;Ljava/util/function/Consumer;)V+17
j  org.springframework.boot.SpringApplicationRunListeners.starting(Lorg/springframework/boot/ConfigurableBootstrapContext;Ljava/lang/Class;)V+15
j  org.springframework.boot.SpringApplication.run([Ljava/lang/String;)Lorg/springframework/context/ConfigurableApplicationContext;+46
j  org.springframework.boot.SpringApplication.run([Ljava/lang/Class;[Ljava/lang/String;)Lorg/springframework/context/ConfigurableApplicationContext;+9
j  org.springframework.boot.SpringApplication.run(Ljava/lang/Class;[Ljava/lang/String;)Lorg/springframework/context/ConfigurableApplicationContext;+9
j  com.inmobiliaria.property_service.PropertyServiceApplication.main([Ljava/lang/String;)V+3
v  ~StubRoutines::call_stub 0x000002b9d00d100d

Compiled method (c1) 9546 1138       1       java.lang.invoke.DirectMethodHandle::preparedLambdaForm (244 bytes)
 total in heap  [0x000002b9d039c010,0x000002b9d039ccb0] = 3232
 relocation     [0x000002b9d039c170,0x000002b9d039c268] = 248
 main code      [0x000002b9d039c280,0x000002b9d039c748] = 1224
 stub code      [0x000002b9d039c748,0x000002b9d039c818] = 208
 metadata       [0x000002b9d039c818,0x000002b9d039c860] = 72
 scopes data    [0x000002b9d039c860,0x000002b9d039ca00] = 416
 scopes pcs     [0x000002b9d039ca00,0x000002b9d039cc20] = 544
 dependencies   [0x000002b9d039cc20,0x000002b9d039cc30] = 16
 nul chk table  [0x000002b9d039cc30,0x000002b9d039ccb0] = 128

[Constant Pool (empty)]

[MachCode]
[Verified Entry Point]
  # {method} {0x000002b9800a0d18} 'preparedLambdaForm' '(Ljava/lang/invoke/MemberName;Z)Ljava/lang/invoke/LambdaForm;' in 'java/lang/invoke/DirectMethodHandle'
  # parm0:    rdx:rdx   = 'java/lang/invoke/MemberName'
  # parm1:    r8        = boolean
  #           [sp+0xc0]  (sp of caller)
  0x000002b9d039c280: 8984 2400 | 80ff ff55 | 4881 ecb0 | 0000 0090 | 4181 7f20 | 0100 0000 

  0x000002b9d039c298: ;   {runtime_call StubRoutines (final stubs)}
  0x000002b9d039c298: 7405 e801 | a2d6 ff48 | 8954 2470 | 4489 4424 | 7848 3b02 | 488b f248 | 8bd6 0f1f 

  0x000002b9d039c2b4: ;   {optimized virtual_call}
  0x000002b9d039c2b4: 4400 00e8 

  0x000002b9d039c2b8: ; ImmutableOopMap {[112]=Oop }
                      ;*invokevirtual getInvocationType {reexecute=0 rethrow=0 return_oop=0}
                      ; - java.lang.invoke.DirectMethodHandle::preparedLambdaForm@23 (line 193)
  0x000002b9d039c2b8: 6426 f7ff 

  0x000002b9d039c2bc: ;   {other}
  0x000002b9d039c2bc: 0f1f 8400 | ac02 0000 

  0x000002b9d039c2c4: ; implicit exception: dispatches to 0x000002b9d039c686
  0x000002b9d039c2c4: 8b50 148b | 7214 4889 | b424 8000 | 0000 488b | 5424 708b | 7a0c c1ef | 1883 e70f | c1e7 18c1 
  0x000002b9d039c2e4: ff18 83ff | 050f 844c | 0000 0083 | ff06 0f84 | 3900 0000 | 83ff 070f | 8426 0000 | 0083 ff08 
  0x000002b9d039c304: 0f84 1300 | 0000 83ff | 090f 85c2 | 0200 00bf | 0400 0000 | e923 0000 | 00bf 0300 | 0000 e919 
  0x000002b9d039c324: 0000 00bf | 0200 0000 | e90f 0000 | 00bf 0100 | 0000 e905 | 0000 00bf | 0000 0000 | 83ff 010f 
  0x000002b9d039c344: 850b 0100 | 0089 7c24 | 7c48 8bda | 488b d30f 

  0x000002b9d039c354: ;   {static_call}
  0x000002b9d039c354: 1f40 00e8 

  0x000002b9d039c358: ; ImmutableOopMap {[112]=Oop [128]=Oop }
                      ;*invokestatic shouldBeInitialized {reexecute=0 rethrow=0 return_oop=0}
                      ; - java.lang.invoke.DirectMethodHandle::preparedLambdaForm@131 (line 208)
  0x000002b9d039c358: 3f04 0000 

  0x000002b9d039c35c: ;   {other}
  0x000002b9d039c35c: 0f1f 8400 | 4c03 0001 | 85c0 8b7c | 247c 0f84 | e400 0000 | 488b b424 | 8000 0000 

  0x000002b9d039c378: ; implicit exception: dispatches to 0x000002b9d039c690
  0x000002b9d039c378: 8b56 148b | 521c 8b5a | 0c3b df0f | 8616 0300 | 0048 63df | 8b54 9a10 | 4885 d289 | 7c24 7c0f 
  0x000002b9d039c398: 8451 0000 | 0048 3b02 | 0f1f 8000 

  0x000002b9d039c3a4: ;   {optimized virtual_call}
  0x000002b9d039c3a4: 0000 00e8 

  0x000002b9d039c3a8: ; ImmutableOopMap {[112]=Oop [128]=Oop }
                      ;*invokevirtual get {reexecute=0 rethrow=0 return_oop=0}
                      ; - java.lang.invoke.MethodTypeForm::cachedLambdaForm@12 (line 132)
                      ; - java.lang.invoke.DirectMethodHandle::preparedLambdaForm@5 (line 229)
                      ; - java.lang.invoke.DirectMethodHandle::preparedLambdaForm@139 (line 210)
  0x000002b9d039c3a8: 9431 f6ff 

  0x000002b9d039c3ac: ;   {other}
  0x000002b9d039c3ac: 0f1f 8400 | 9c03 0002 | 4885 c00f | 8429 0000 

  0x000002b9d039c3bc: ;   {metadata('java/lang/invoke/LambdaForm')}
  0x000002b9d039c3bc: 0048 bfe0 | e208 80b9 | 0200 0044 | 8b40 0849 | ba00 0000 | 80b9 0200 | 004d 03c2 | 493b f80f 
  0x000002b9d039c3dc: 85d1 0200 | 00e9 0000 | 0000 488b | d0e9 0a00 

  0x000002b9d039c3ec: ;   {oop(nullptr)}
  0x000002b9d039c3ec: 0000 48ba | 0000 0000 | 0000 0000 | 4885 d20f | 854e 0000 | 008b 7c24 | 7c48 8bb4 | 2480 0000 
  0x000002b9d039c40c: 0048 8bd6 | 4c8b c789 

  0x000002b9d039c414: ;   {static_call}
  0x000002b9d039c414: 7c24 7ce8 

  0x000002b9d039c418: ; ImmutableOopMap {[112]=Oop [128]=Oop }
                      ;*invokestatic makePreparedLambdaForm {reexecute=0 rethrow=0 return_oop=0}
                      ; - java.lang.invoke.DirectMethodHandle::preparedLambdaForm@17 (line 231)
                      ; - java.lang.invoke.DirectMethodHandle::preparedLambdaForm@139 (line 210)
  0x000002b9d039c418: 642c d8ff 

  0x000002b9d039c41c: ;   {other}
  0x000002b9d039c41c: 0f1f 8400 | 0c04 0003 | 488b b424 | 8000 0000 | 8b56 1448 | 3b02 448b | 4424 7c4c | 8bc8 0f1f 
  0x000002b9d039c43c: ;   {optimized virtual_call}
  0x000002b9d039c43c: 4400 00e8 

  0x000002b9d039c440: ; ImmutableOopMap {[112]=Oop [128]=Oop }
                      ;*invokevirtual setCachedLambdaForm {reexecute=0 rethrow=0 return_oop=0}
                      ; - java.lang.invoke.DirectMethodHandle::preparedLambdaForm@27 (line 232)
                      ; - java.lang.invoke.DirectMethodHandle::preparedLambdaForm@139 (line 210)
  0x000002b9d039c440: 3c26 d8ff 

  0x000002b9d039c444: ;   {other}
  0x000002b9d039c444: 0f1f 8400 | 3404 0004 | 488b d0bf | 0500 0000 | 83ff 020f | 8513 0000 | 0044 8b44 | 2478 4585 
  0x000002b9d039c464: c00f 8405 | 0000 00bf | 1400 0000 | 488b b424 | 8000 0000 

  0x000002b9d039c478: ; implicit exception: dispatches to 0x000002b9d039c6c0
  0x000002b9d039c478: 8b56 148b | 521c 8b5a | 0c3b df0f | 8646 0200 | 0048 63df | 8b54 9a10 | 4885 d289 | bc24 8800 
  0x000002b9d039c498: 0000 0f84 | 4e00 0000 

  0x000002b9d039c4a0: ; implicit exception: dispatches to 0x000002b9d039c6dd
  0x000002b9d039c4a0: 483b 020f 

  0x000002b9d039c4a4: ;   {optimized virtual_call}
  0x000002b9d039c4a4: 1f40 00e8 

  0x000002b9d039c4a8: ; ImmutableOopMap {[112]=Oop [128]=Oop }
                      ;*invokevirtual get {reexecute=0 rethrow=0 return_oop=0}
                      ; - java.lang.invoke.MethodTypeForm::cachedLambdaForm@12 (line 132)
                      ; - java.lang.invoke.DirectMethodHandle::preparedLambdaForm@5 (line 229)
                      ; - java.lang.invoke.DirectMethodHandle::preparedLambdaForm@159 (line 216)
  0x000002b9d039c4a8: 9430 f6ff 

  0x000002b9d039c4ac: ;   {other}
  0x000002b9d039c4ac: 0f1f 8400 | 9c04 0005 | 4885 c00f | 8429 0000 

  0x000002b9d039c4bc: ;   {metadata('java/lang/invoke/LambdaForm')}
  0x000002b9d039c4bc: 0048 bfe0 | e208 80b9 | 0200 0044 | 8b40 0849 | ba00 0000 | 80b9 0200 | 004d 03c2 | 493b f80f 
  0x000002b9d039c4dc: 8501 0200 | 00e9 0000 | 0000 488b | d0e9 0a00 

  0x000002b9d039c4ec: ;   {oop(nullptr)}
  0x000002b9d039c4ec: 0000 48ba | 0000 0000 | 0000 0000 | 4885 d20f | 8556 0000 | 008b bc24 | 8800 0000 | 488b b424 
  0x000002b9d039c50c: 8000 0000 | 488b d64c | 8bc7 89bc | 2488 0000 

  0x000002b9d039c51c: ;   {static_call}
  0x000002b9d039c51c: 0066 90e8 

  0x000002b9d039c520: ; ImmutableOopMap {[112]=Oop [128]=Oop }
                      ;*invokestatic makePreparedLambdaForm {reexecute=0 rethrow=0 return_oop=0}
                      ; - java.lang.invoke.DirectMethodHandle::preparedLambdaForm@17 (line 231)
                      ; - java.lang.invoke.DirectMethodHandle::preparedLambdaForm@159 (line 216)
  0x000002b9d039c520: 8602 0000 

  0x000002b9d039c524: ;   {other}
  0x000002b9d039c524: 0f1f 8400 | 1405 0006 | 488b b424 | 8000 0000 | 8b56 1448 | 3b02 448b | 8424 8800 | 0000 4c8b 
  0x000002b9d039c544: ;   {optimized virtual_call}
  0x000002b9d039c544: c866 90e8 

  0x000002b9d039c548: ; ImmutableOopMap {[112]=Oop }
                      ;*invokevirtual setCachedLambdaForm {reexecute=0 rethrow=0 return_oop=0}
                      ; - java.lang.invoke.DirectMethodHandle::preparedLambdaForm@27 (line 232)
                      ; - java.lang.invoke.DirectMethodHandle::preparedLambdaForm@159 (line 216)
  0x000002b9d039c548: 3425 d8ff 

  0x000002b9d039c54c: ;   {other}
  0x000002b9d039c54c: 0f1f 8400 | 3c05 0007 | 488b d044 | 8b42 284d | 85c0 0f85 | 5800 0000 | 4889 9424 | 9000 0000 
  0x000002b9d039c56c: 488b 5424 | 7044 8b42 | 1849 8bd0 

  0x000002b9d039c578: ;   {oop(a 'java/lang/Class'{0x0000000082ee3db8} = 'java/lang/invoke/MethodHandle')}
  0x000002b9d039c578: 49b8 b83d | ee82 0000 | 0000 0f1f 

  0x000002b9d039c584: ;   {static_call}
  0x000002b9d039c584: 4400 00e8 

  0x000002b9d039c588: ; ImmutableOopMap {[112]=Oop [144]=Oop }
                      ;*invokestatic isSamePackage {reexecute=0 rethrow=0 return_oop=0}
                      ; - java.lang.invoke.DirectMethodHandle::maybeCompile@13 (line 318)
                      ; - java.lang.invoke.DirectMethodHandle::preparedLambdaForm@167 (line 217)
  0x000002b9d039c588: f42a d8ff 

  0x000002b9d039c58c: ;   {other}
  0x000002b9d039c58c: 0f1f 8400 | 7c05 0008 | 85c0 488b | 9424 9000 | 0000 0f84 | 1800 0000 

  0x000002b9d039c5a4: ;   {optimized virtual_call}
  0x000002b9d039c5a4: 6666 90e8 

  0x000002b9d039c5a8: ; ImmutableOopMap {[112]=Oop [144]=Oop }
                      ;*invokevirtual compileToBytecode {reexecute=0 rethrow=0 return_oop=0}
                      ; - java.lang.invoke.DirectMethodHandle::maybeCompile@20 (line 320)
                      ; - java.lang.invoke.DirectMethodHandle::preparedLambdaForm@167 (line 217)
  0x000002b9d039c5a8: d424 d8ff 

  0x000002b9d039c5ac: ;   {other}
  0x000002b9d039c5ac: 0f1f 8400 | 9c05 0009 | 488b 9424 | 9000 0000 | 488b c248 | 81c4 b000 

  0x000002b9d039c5c4: ;   {poll_return}
  0x000002b9d039c5c4: 0000 5d49 | 3ba7 5004 | 0000 0f87 | 2101 0000 | c348 8bda 

  0x000002b9d039c5d8: ;   {metadata('java/lang/InternalError')}
  0x000002b9d039c5d8: 48ba 3807 | 0180 b902 | 0000 80ba | 3101 0000 | 040f 8521 | 0100 0049 | 8b87 b801 | 0000 488d 
  0x000002b9d039c5f8: 7828 493b | bfc8 0100 | 000f 8709 | 0100 0049 | 89bf b801 | 0000 48c7 | 0001 0000 | 0048 8bca 
  0x000002b9d039c618: 49ba 0000 | 0080 b902 | 0000 492b | ca89 4808 | 4833 c989 | 480c 4833 | c948 8948 | 1048 8948 
  0x000002b9d039c638: 1848 8948 | 2048 8bd3 | 4889 8424 | 9800 0000 | 0f1f 8000 

  0x000002b9d039c64c: ;   {optimized virtual_call}
  0x000002b9d039c64c: 0000 00e8 

  0x000002b9d039c650: ; ImmutableOopMap {[152]=Oop }
                      ;*invokevirtual toString {reexecute=0 rethrow=0 return_oop=0}
                      ; - java.lang.invoke.DirectMethodHandle::preparedLambdaForm@117 (line 206)
  0x000002b9d039c650: 2c24 d8ff 

  0x000002b9d039c654: ;   {other}
  0x000002b9d039c654: 0f1f 8400 | 4406 000a | 4c8b c048 | 8b94 2498 

  0x000002b9d039c664: ;   {optimized virtual_call}
  0x000002b9d039c664: 0000 00e8 

  0x000002b9d039c668: ; ImmutableOopMap {[152]=Oop }
                      ;*invokespecial <init> {reexecute=0 rethrow=0 return_oop=0}
                      ; - java.lang.invoke.DirectMethodHandle::preparedLambdaForm@120 (line 206)
  0x000002b9d039c668: 1424 d8ff 

  0x000002b9d039c66c: ;   {other}
  0x000002b9d039c66c: 0f1f 8400 | 5c06 000b | 488b 8424 | 9800 0000 | e9b9 0000 

  0x000002b9d039c680: ;   {runtime_call throw_null_pointer_exception Runtime1 stub}
  0x000002b9d039c680: 00e8 7ad2 

  0x000002b9d039c684: ; ImmutableOopMap {rdx=Oop [112]=Oop }
                      ;*invokevirtual getInvocationType {reexecute=0 rethrow=0 return_oop=0}
                      ; - java.lang.invoke.DirectMethodHandle::preparedLambdaForm@23 (line 193)
                      ;   {runtime_call throw_null_pointer_exception Runtime1 stub}
  0x000002b9d039c684: e2ff e875 

  0x000002b9d039c688: ; ImmutableOopMap {[112]=Oop }
                      ;*invokevirtual basicType {reexecute=0 rethrow=0 return_oop=0}
                      ; - java.lang.invoke.DirectMethodHandle::preparedLambdaForm@26 (line 193)
                      ;   {runtime_call throw_null_pointer_exception Runtime1 stub}
  0x000002b9d039c688: d2e2 ffe8 

  0x000002b9d039c68c: ; ImmutableOopMap {[112]=Oop }
                      ;*invokevirtual basicType {reexecute=0 rethrow=0 return_oop=0}
                      ; - java.lang.invoke.MethodType::basicType@4 (line 745)
                      ; - java.lang.invoke.DirectMethodHandle::preparedLambdaForm@26 (line 193)
  0x000002b9d039c68c: 70d2 e2ff 

  0x000002b9d039c690: ;   {runtime_call throw_null_pointer_exception Runtime1 stub}
  0x000002b9d039c690: e86b d2e2 

  0x000002b9d039c694: ; ImmutableOopMap {rsi=Oop [112]=Oop [128]=Oop }
                      ;*invokevirtual form {reexecute=0 rethrow=0 return_oop=0}
                      ; - java.lang.invoke.DirectMethodHandle::preparedLambdaForm@1 (line 229)
                      ; - java.lang.invoke.DirectMethodHandle::preparedLambdaForm@139 (line 210)
                      ;   {runtime_call throw_null_pointer_exception Runtime1 stub}
  0x000002b9d039c694: ffe8 66d2 

  0x000002b9d039c698: ; ImmutableOopMap {rsi=Oop [112]=Oop [128]=Oop }
                      ;*invokevirtual cachedLambdaForm {reexecute=0 rethrow=0 return_oop=0}
                      ; - java.lang.invoke.DirectMethodHandle::preparedLambdaForm@5 (line 229)
                      ; - java.lang.invoke.DirectMethodHandle::preparedLambdaForm@139 (line 210)
                      ;   {runtime_call throw_null_pointer_exception Runtime1 stub}
  0x000002b9d039c698: e2ff e861 

  0x000002b9d039c69c: ; ImmutableOopMap {rsi=Oop rdx=Oop [112]=Oop [128]=Oop }
                      ;*aaload {reexecute=0 rethrow=0 return_oop=0}
                      ; - java.lang.invoke.MethodTypeForm::cachedLambdaForm@5 (line 131)
                      ; - java.lang.invoke.DirectMethodHandle::preparedLambdaForm@5 (line 229)
                      ; - java.lang.invoke.DirectMethodHandle::preparedLambdaForm@139 (line 210)
  0x000002b9d039c69c: d2e2 ff48 | 893c 2448 | 8954 2408 

  0x000002b9d039c6a8: ;   {runtime_call throw_range_check_failed Runtime1 stub}
  0x000002b9d039c6a8: e853 c9e2 

  0x000002b9d039c6ac: ; ImmutableOopMap {rsi=Oop rdx=Oop [112]=Oop [128]=Oop }
                      ;*aaload {reexecute=0 rethrow=0 return_oop=0}
                      ; - java.lang.invoke.MethodTypeForm::cachedLambdaForm@5 (line 131)
                      ; - java.lang.invoke.DirectMethodHandle::preparedLambdaForm@5 (line 229)
                      ; - java.lang.invoke.DirectMethodHandle::preparedLambdaForm@139 (line 210)
                      ;   {runtime_call throw_null_pointer_exception Runtime1 stub}
  0x000002b9d039c6ac: ffe8 4ed2 

  0x000002b9d039c6b0: ; ImmutableOopMap {rdx=Oop [112]=Oop [128]=Oop }
                      ;*invokevirtual get {reexecute=0 rethrow=0 return_oop=0}
                      ; - java.lang.invoke.MethodTypeForm::cachedLambdaForm@12 (line 132)
                      ; - java.lang.invoke.DirectMethodHandle::preparedLambdaForm@5 (line 229)
                      ; - java.lang.invoke.DirectMethodHandle::preparedLambdaForm@139 (line 210)
  0x000002b9d039c6b0: e2ff 4889 

  0x000002b9d039c6b4: ;   {runtime_call throw_class_cast_exception Runtime1 stub}
  0x000002b9d039c6b4: 0424 e845 

  0x000002b9d039c6b8: ; ImmutableOopMap {[112]=Oop [128]=Oop }
                      ;*checkcast {reexecute=0 rethrow=0 return_oop=0}
                      ; - java.lang.invoke.MethodTypeForm::cachedLambdaForm@15 (line 132)
                      ; - java.lang.invoke.DirectMethodHandle::preparedLambdaForm@5 (line 229)
                      ; - java.lang.invoke.DirectMethodHandle::preparedLambdaForm@139 (line 210)
                      ;   {runtime_call throw_null_pointer_exception Runtime1 stub}
  0x000002b9d039c6b8: f6e2 ffe8 

  0x000002b9d039c6bc: ; ImmutableOopMap {rax=Oop rsi=Oop rdx=Oop [112]=Oop [128]=Oop }
                      ;*invokevirtual setCachedLambdaForm {reexecute=0 rethrow=0 return_oop=0}
                      ; - java.lang.invoke.DirectMethodHandle::preparedLambdaForm@27 (line 232)
                      ; - java.lang.invoke.DirectMethodHandle::preparedLambdaForm@139 (line 210)
  0x000002b9d039c6bc: 40d2 e2ff 

  0x000002b9d039c6c0: ;   {runtime_call throw_null_pointer_exception Runtime1 stub}
  0x000002b9d039c6c0: e83b d2e2 

  0x000002b9d039c6c4: ; ImmutableOopMap {rsi=Oop [112]=Oop [128]=Oop }
                      ;*invokevirtual form {reexecute=0 rethrow=0 return_oop=0}
                      ; - java.lang.invoke.DirectMethodHandle::preparedLambdaForm@1 (line 229)
                      ; - java.lang.invoke.DirectMethodHandle::preparedLambdaForm@159 (line 216)
                      ;   {runtime_call throw_null_pointer_exception Runtime1 stub}
  0x000002b9d039c6c4: ffe8 36d2 

  0x000002b9d039c6c8: ; ImmutableOopMap {rsi=Oop [112]=Oop [128]=Oop }
                      ;*invokevirtual cachedLambdaForm {reexecute=0 rethrow=0 return_oop=0}
                      ; - java.lang.invoke.DirectMethodHandle::preparedLambdaForm@5 (line 229)
                      ; - java.lang.invoke.DirectMethodHandle::preparedLambdaForm@159 (line 216)
                      ;   {runtime_call throw_null_pointer_exception Runtime1 stub}
  0x000002b9d039c6c8: e2ff e831 

  0x000002b9d039c6cc: ; ImmutableOopMap {rsi=Oop rdx=Oop [112]=Oop [128]=Oop }
                      ;*aaload {reexecute=0 rethrow=0 return_oop=0}
                      ; - java.lang.invoke.MethodTypeForm::cachedLambdaForm@5 (line 131)
                      ; - java.lang.invoke.DirectMethodHandle::preparedLambdaForm@5 (line 229)
                      ; - java.lang.invoke.DirectMethodHandle::preparedLambdaForm@159 (line 216)
  0x000002b9d039c6cc: d2e2 ff48 | 893c 2448 | 8954 2408 

  0x000002b9d039c6d8: ;   {runtime_call throw_range_check_failed Runtime1 stub}
  0x000002b9d039c6d8: e823 c9e2 

  0x000002b9d039c6dc: ; ImmutableOopMap {rsi=Oop rdx=Oop [112]=Oop [128]=Oop }
                      ;*aaload {reexecute=0 rethrow=0 return_oop=0}
                      ; - java.lang.invoke.MethodTypeForm::cachedLambdaForm@5 (line 131)
                      ; - java.lang.invoke.DirectMethodHandle::preparedLambdaForm@5 (line 229)
                      ; - java.lang.invoke.DirectMethodHandle::preparedLambdaForm@159 (line 216)
                      ;   {runtime_call throw_null_pointer_exception Runtime1 stub}
  0x000002b9d039c6dc: ffe8 1ed2 

  0x000002b9d039c6e0: ; ImmutableOopMap {rdx=Oop [112]=Oop [128]=Oop }
                      ;*invokevirtual get {reexecute=0 rethrow=0 return_oop=0}
                      ; - java.lang.invoke.MethodTypeForm::cachedLambdaForm@12 (line 132)
                      ; - java.lang.invoke.DirectMethodHandle::preparedLambdaForm@5 (line 229)
                      ; - java.lang.invoke.DirectMethodHandle::preparedLambdaForm@159 (line 216)
  0x000002b9d039c6e0: e2ff 4889 

  0x000002b9d039c6e4: ;   {runtime_call throw_class_cast_exception Runtime1 stub}
  0x000002b9d039c6e4: 0424 e815 

  0x000002b9d039c6e8: ; ImmutableOopMap {[112]=Oop [128]=Oop }
                      ;*checkcast {reexecute=0 rethrow=0 return_oop=0}
                      ; - java.lang.invoke.MethodTypeForm::cachedLambdaForm@15 (line 132)
                      ; - java.lang.invoke.DirectMethodHandle::preparedLambdaForm@5 (line 229)
                      ; - java.lang.invoke.DirectMethodHandle::preparedLambdaForm@159 (line 216)
                      ;   {runtime_call throw_null_pointer_exception Runtime1 stub}
  0x000002b9d039c6e8: f6e2 ffe8 

  0x000002b9d039c6ec: ; ImmutableOopMap {rax=Oop rdx=Oop [112]=Oop }
                      ;*invokevirtual setCachedLambdaForm {reexecute=0 rethrow=0 return_oop=0}
                      ; - java.lang.invoke.DirectMethodHandle::preparedLambdaForm@27 (line 232)
                      ; - java.lang.invoke.DirectMethodHandle::preparedLambdaForm@159 (line 216)
  0x000002b9d039c6ec: 10d2 e2ff 

  0x000002b9d039c6f0: ;   {runtime_call throw_null_pointer_exception Runtime1 stub}
  0x000002b9d039c6f0: e80b d2e2 

  0x000002b9d039c6f4: ; ImmutableOopMap {rdx=Oop [112]=Oop }
                      ;*getfield vmentry {reexecute=1 rethrow=0 return_oop=0}
                      ; - (reexecute) java.lang.invoke.DirectMethodHandle::maybeCompile@1 (line 318)
                      ; - java.lang.invoke.DirectMethodHandle::preparedLambdaForm@167 (line 217)
                      ;   {internal_word}
  0x000002b9d039c6f4: ff49 bac7 | c539 d0b9 | 0200 004d | 8997 6804 

  0x000002b9d039c704: ;   {runtime_call SafepointBlob}
  0x000002b9d039c704: 0000 e975 

  0x000002b9d039c708: ;   {runtime_call throw_null_pointer_exception Runtime1 stub}
  0x000002b9d039c708: 8dd8 ffe8 

  0x000002b9d039c70c: ; ImmutableOopMap {rbx=Oop [112]=Oop }
                      ;*new {reexecute=0 rethrow=0 return_oop=0}
                      ; - java.lang.invoke.DirectMethodHandle::preparedLambdaForm@112 (line 206)
  0x000002b9d039c70c: f0d1 e2ff 

  0x000002b9d039c710: ;   {runtime_call fast_new_instance_init_check Runtime1 stub}
  0x000002b9d039c710: 488b d2e8 

  0x000002b9d039c714: ; ImmutableOopMap {rbx=Oop [112]=Oop }
                      ;*new {reexecute=0 rethrow=0 return_oop=0}
                      ; - java.lang.invoke.DirectMethodHandle::preparedLambdaForm@112 (line 206)
  0x000002b9d039c714: e8dd e2ff | e920 ffff | ff49 8b87 | 0005 0000 | 49c7 8700 | 0500 0000 | 0000 0049 | c787 0805 
  0x000002b9d039c734: 0000 0000 | 0000 4881 | c4b0 0000 

  0x000002b9d039c740: ;   {runtime_call unwind_exception Runtime1 stub}
  0x000002b9d039c740: 005d e9b9 | c2e2 fff4 
[Stub Code]
  0x000002b9d039c748: ;   {no_reloc}
  0x000002b9d039c748: 0f1f 4400 

  0x000002b9d039c74c: ;   {static_stub}
  0x000002b9d039c74c: 0048 bb00 | 0000 0000 

  0x000002b9d039c754: ;   {runtime_call nmethod}
  0x000002b9d039c754: 0000 00e9 | fbff ffff 

  0x000002b9d039c75c: ;   {static_stub}
  0x000002b9d039c75c: 9048 bb00 | 0000 0000 

  0x000002b9d039c764: ;   {runtime_call nmethod}
  0x000002b9d039c764: 0000 00e9 | fbff ffff 

  0x000002b9d039c76c: ;   {static_stub}
  0x000002b9d039c76c: 9048 bb00 | 0000 0000 

  0x000002b9d039c774: ;   {runtime_call nmethod}
  0x000002b9d039c774: 0000 00e9 | fbff ffff 

  0x000002b9d039c77c: ;   {static_stub}
  0x000002b9d039c77c: 9048 bb00 | 0000 0000 

  0x000002b9d039c784: ;   {runtime_call nmethod}
  0x000002b9d039c784: 0000 00e9 | fbff ffff 

  0x000002b9d039c78c: ;   {static_stub}
  0x000002b9d039c78c: 48bb 0000 | 0000 0000 

  0x000002b9d039c794: ;   {runtime_call nmethod}
  0x000002b9d039c794: 0000 e9fb 

  0x000002b9d039c798: ;   {static_stub}
  0x000002b9d039c798: ffff ff48 | bb78 0f0a | 80b9 0200 

  0x000002b9d039c7a4: ;   {runtime_call I2C/C2I adapters}
  0x000002b9d039c7a4: 00e9 b96c 

  0x000002b9d039c7a8: ;   {static_stub}
  0x000002b9d039c7a8: d8ff 48bb | 2810 0a80 | b902 0000 

  0x000002b9d039c7b4: ;   {runtime_call I2C/C2I adapters}
  0x000002b9d039c7b4: e92e 74d8 

  0x000002b9d039c7b8: ;   {static_stub}
  0x000002b9d039c7b8: ff48 bb00 | 0000 0000 

  0x000002b9d039c7c0: ;   {runtime_call nmethod}
  0x000002b9d039c7c0: 0000 00e9 | fbff ffff 

  0x000002b9d039c7c8: ;   {static_stub}
  0x000002b9d039c7c8: 48bb 0000 | 0000 0000 

  0x000002b9d039c7d0: ;   {runtime_call nmethod}
  0x000002b9d039c7d0: 0000 e9fb 

  0x000002b9d039c7d4: ;   {static_stub}
  0x000002b9d039c7d4: ffff ff48 | bb00 0000 | 0000 0000 

  0x000002b9d039c7e0: ;   {runtime_call nmethod}
  0x000002b9d039c7e0: 00e9 fbff 

  0x000002b9d039c7e4: ;   {runtime_call handle_exception_from_callee Runtime1 stub}
  0x000002b9d039c7e4: ffff e815 

  0x000002b9d039c7e8: ;   {external_word}
  0x000002b9d039c7e8: efe2 ff48 | b940 53fb | e2f8 7f00 | 0048 83e4 

  0x000002b9d039c7f8: ;   {runtime_call}
  0x000002b9d039c7f8: f048 b8b0 | c3bd e2f8 | 7f00 00ff 

  0x000002b9d039c804: ;   {section_word}
  0x000002b9d039c804: d0f4 49ba | 06c8 39d0 | b902 0000 

  0x000002b9d039c810: ;   {runtime_call DeoptimizationBlob}
  0x000002b9d039c810: 4152 e909 | 7fd8 fff4 
[/MachCode]


---------------  P R O C E S S  ---------------

Threads class SMR info:
_java_thread_list=0x000002b9d84997d0, length=10, elements={
0x000002b9c5fb35f0, 0x000002b9d82f3ce0, 0x000002b9d82f4a00, 0x000002b9d82f65d0,
0x000002b9d82f7030, 0x000002b9d82f7a90, 0x000002b9d82f84f0, 0x000002b9d82f8f50,
0x000002b9d849c420, 0x000002b9d8390aa0
}

Java Threads: ( => current thread )
=>0x000002b9c5fb35f0 JavaThread "main"                              [_thread_in_vm, id=20776, stack(0x000000ee64000000,0x000000ee64100000) (1024K)]
  0x000002b9d82f3ce0 JavaThread "Reference Handler"          daemon [_thread_blocked, id=32656, stack(0x000000ee64800000,0x000000ee64900000) (1024K)]
  0x000002b9d82f4a00 JavaThread "Finalizer"                  daemon [_thread_blocked, id=18968, stack(0x000000ee64900000,0x000000ee64a00000) (1024K)]
  0x000002b9d82f65d0 JavaThread "Signal Dispatcher"          daemon [_thread_blocked, id=1856, stack(0x000000ee64a00000,0x000000ee64b00000) (1024K)]
  0x000002b9d82f7030 JavaThread "Attach Listener"            daemon [_thread_blocked, id=39364, stack(0x000000ee64b00000,0x000000ee64c00000) (1024K)]
  0x000002b9d82f7a90 JavaThread "Service Thread"             daemon [_thread_blocked, id=35432, stack(0x000000ee64c00000,0x000000ee64d00000) (1024K)]
  0x000002b9d82f84f0 JavaThread "Monitor Deflation Thread"   daemon [_thread_blocked, id=35092, stack(0x000000ee64d00000,0x000000ee64e00000) (1024K)]
  0x000002b9d82f8f50 JavaThread "C1 CompilerThread0"         daemon [_thread_blocked, id=41852, stack(0x000000ee64e00000,0x000000ee64f00000) (1024K)]
  0x000002b9d849c420 JavaThread "Notification Thread"        daemon [_thread_blocked, id=40572, stack(0x000000ee64f00000,0x000000ee65000000) (1024K)]
  0x000002b9d8390aa0 JavaThread "Common-Cleaner"             daemon [_thread_blocked, id=31172, stack(0x000000ee65000000,0x000000ee65100000) (1024K)]
Total: 10

Other Threads:
  0x000002b9d82d7020 VMThread "VM Thread"                           [id=39208, stack(0x000000ee64700000,0x000000ee64800000) (1024K)]
  0x000002b9d82c4150 WatcherThread "VM Periodic Task Thread"        [id=19356, stack(0x000000ee64600000,0x000000ee64700000) (1024K)]
  0x000002b9c6136ff0 WorkerThread "GC Thread#0"                     [id=12268, stack(0x000000ee64100000,0x000000ee64200000) (1024K)]
  0x000002b9d8b9d060 WorkerThread "GC Thread#1"                     [id=33836, stack(0x000000ee65100000,0x000000ee65200000) (1024K)]
  0x000002b9d8b9d410 WorkerThread "GC Thread#2"                     [id=42912, stack(0x000000ee65200000,0x000000ee65300000) (1024K)]
  0x000002b9d8bc4ea0 WorkerThread "GC Thread#3"                     [id=41320, stack(0x000000ee65300000,0x000000ee65400000) (1024K)]
  0x000002b9c6147ae0 ConcurrentGCThread "G1 Main Marker"            [id=11600, stack(0x000000ee64200000,0x000000ee64300000) (1024K)]
  0x000002b9c61485f0 WorkerThread "G1 Conc#0"                       [id=40836, stack(0x000000ee64300000,0x000000ee64400000) (1024K)]
  0x000002b9c618e640 ConcurrentGCThread "G1 Refine#0"               [id=28168, stack(0x000000ee64400000,0x000000ee64500000) (1024K)]
  0x000002b9d8195c80 ConcurrentGCThread "G1 Service"                [id=41496, stack(0x000000ee64500000,0x000000ee64600000) (1024K)]
Total: 10

Threads with active compile tasks:
Total: 0

VM state: not at safepoint (normal execution)

VM Mutex/Monitor currently owned by a thread:  ([mutex/lock_event])
[0x00007ff8e326c4e0] Metaspace_lock - owner thread: 0x000002b9c5fb35f0

Heap address: 0x0000000082800000, size: 2008 MB, Compressed Oops mode: 32-bit

CDS archive(s) mapped at: [0x000002b980000000-0x000002b980c80000-0x000002b980c80000), size 13107200, SharedBaseAddress: 0x000002b980000000, ArchiveRelocationMode: 1.
Compressed class space mapped at: 0x000002b981000000-0x000002b9c1000000, reserved size: 1073741824
Narrow klass base: 0x000002b980000000, Narrow klass shift: 0, Narrow klass range: 0x100000000

GC Precious Log:
 CardTable entry size: 512
 Card Set container configuration: InlinePtr #cards 5 size 8 Array Of Cards #cards 12 size 40 Howl #buckets 4 coarsen threshold 1843 Howl Bitmap #cards 512 size 80 coarsen threshold 460 Card regions per heap region 1 cards per card region 2048
 CPUs: 4 total, 4 available
 Memory: 8030M
 Large Page Support: Disabled
 NUMA Support: Disabled
 Compressed Oops: Enabled (32-bit)
 Heap Region Size: 1M
 Heap Min Capacity: 8M
 Heap Initial Capacity: 126M
 Heap Max Capacity: 2008M
 Pre-touch: Disabled
 Parallel Workers: 4
 Concurrent Workers: 1
 Concurrent Refinement Workers: 4
 Periodic GC: Disabled

Heap:
 garbage-first heap   total 129024K, used 26548K [0x0000000082800000, 0x0000000100000000)
  region size 1024K, 15 young (15360K), 2 survivors (2048K)
 Metaspace       used 5115K, committed 5248K, reserved 1114112K
  class space    used 644K, committed 704K, reserved 1048576K

Heap Regions: E=young(eden), S=young(survivor), O=old, HS=humongous(starts), HC=humongous(continues), CS=collection set, F=free, TAMS=top-at-mark-start, PB=parsable bottom
|   0|0x0000000082800000, 0x0000000082900000, 0x0000000082900000|100%|HS|  |TAMS 0x0000000082800000| PB 0x0000000082800000| Complete 
|   1|0x0000000082900000, 0x0000000082a00000, 0x0000000082a00000|100%|HS|  |TAMS 0x0000000082900000| PB 0x0000000082900000| Complete 
|   2|0x0000000082a00000, 0x0000000082b00000, 0x0000000082b00000|100%| O|  |TAMS 0x0000000082a00000| PB 0x0000000082a00000| Untracked 
|   3|0x0000000082b00000, 0x0000000082c00000, 0x0000000082c00000|100%| O|  |TAMS 0x0000000082b00000| PB 0x0000000082b00000| Untracked 
|   4|0x0000000082c00000, 0x0000000082d00000, 0x0000000082d00000|100%| O|  |TAMS 0x0000000082c00000| PB 0x0000000082c00000| Untracked 
|   5|0x0000000082d00000, 0x0000000082e00000, 0x0000000082e00000|100%| O|  |TAMS 0x0000000082d00000| PB 0x0000000082d00000| Untracked 
|   6|0x0000000082e00000, 0x0000000082f00000, 0x0000000082f00000|100%| O|  |TAMS 0x0000000082e00000| PB 0x0000000082e00000| Untracked 
|   7|0x0000000082f00000, 0x0000000082f00000, 0x0000000083000000|  0%| F|  |TAMS 0x0000000082f00000| PB 0x0000000082f00000| Untracked 
|   8|0x0000000083000000, 0x0000000083100000, 0x0000000083100000|100%|HS|  |TAMS 0x0000000083000000| PB 0x0000000083000000| Complete 
|   9|0x0000000083100000, 0x0000000083200000, 0x0000000083200000|100%|HS|  |TAMS 0x0000000083100000| PB 0x0000000083100000| Complete 
|  10|0x0000000083200000, 0x0000000083300000, 0x0000000083300000|100%| O|  |TAMS 0x0000000083200000| PB 0x0000000083200000| Untracked 
|  11|0x0000000083300000, 0x0000000083400000, 0x0000000083400000|100%| O|  |TAMS 0x0000000083300000| PB 0x0000000083300000| Untracked 
|  12|0x0000000083400000, 0x00000000834ed180, 0x0000000083500000| 92%| O|  |TAMS 0x0000000083400000| PB 0x0000000083400000| Untracked 
|  13|0x0000000083500000, 0x0000000083500000, 0x0000000083600000|  0%| F|  |TAMS 0x0000000083500000| PB 0x0000000083500000| Untracked 
|  14|0x0000000083600000, 0x0000000083600000, 0x0000000083700000|  0%| F|  |TAMS 0x0000000083600000| PB 0x0000000083600000| Untracked 
|  15|0x0000000083700000, 0x0000000083700000, 0x0000000083800000|  0%| F|  |TAMS 0x0000000083700000| PB 0x0000000083700000| Untracked 
|  16|0x0000000083800000, 0x0000000083800000, 0x0000000083900000|  0%| F|  |TAMS 0x0000000083800000| PB 0x0000000083800000| Untracked 
|  17|0x0000000083900000, 0x0000000083900000, 0x0000000083a00000|  0%| F|  |TAMS 0x0000000083900000| PB 0x0000000083900000| Untracked 
|  18|0x0000000083a00000, 0x0000000083a00000, 0x0000000083b00000|  0%| F|  |TAMS 0x0000000083a00000| PB 0x0000000083a00000| Untracked 
|  19|0x0000000083b00000, 0x0000000083b00000, 0x0000000083c00000|  0%| F|  |TAMS 0x0000000083b00000| PB 0x0000000083b00000| Untracked 
|  20|0x0000000083c00000, 0x0000000083c00000, 0x0000000083d00000|  0%| F|  |TAMS 0x0000000083c00000| PB 0x0000000083c00000| Untracked 
|  21|0x0000000083d00000, 0x0000000083d00000, 0x0000000083e00000|  0%| F|  |TAMS 0x0000000083d00000| PB 0x0000000083d00000| Untracked 
|  22|0x0000000083e00000, 0x0000000083e00000, 0x0000000083f00000|  0%| F|  |TAMS 0x0000000083e00000| PB 0x0000000083e00000| Untracked 
|  23|0x0000000083f00000, 0x0000000083f00000, 0x0000000084000000|  0%| F|  |TAMS 0x0000000083f00000| PB 0x0000000083f00000| Untracked 
|  24|0x0000000084000000, 0x0000000084000000, 0x0000000084100000|  0%| F|  |TAMS 0x0000000084000000| PB 0x0000000084000000| Untracked 
|  25|0x0000000084100000, 0x0000000084100000, 0x0000000084200000|  0%| F|  |TAMS 0x0000000084100000| PB 0x0000000084100000| Untracked 
|  26|0x0000000084200000, 0x0000000084200000, 0x0000000084300000|  0%| F|  |TAMS 0x0000000084200000| PB 0x0000000084200000| Untracked 
|  27|0x0000000084300000, 0x0000000084300000, 0x0000000084400000|  0%| F|  |TAMS 0x0000000084300000| PB 0x0000000084300000| Untracked 
|  28|0x0000000084400000, 0x0000000084400000, 0x0000000084500000|  0%| F|  |TAMS 0x0000000084400000| PB 0x0000000084400000| Untracked 
|  29|0x0000000084500000, 0x0000000084500000, 0x0000000084600000|  0%| F|  |TAMS 0x0000000084500000| PB 0x0000000084500000| Untracked 
|  30|0x0000000084600000, 0x0000000084600000, 0x0000000084700000|  0%| F|  |TAMS 0x0000000084600000| PB 0x0000000084600000| Untracked 
|  31|0x0000000084700000, 0x0000000084700000, 0x0000000084800000|  0%| F|  |TAMS 0x0000000084700000| PB 0x0000000084700000| Untracked 
|  32|0x0000000084800000, 0x0000000084800000, 0x0000000084900000|  0%| F|  |TAMS 0x0000000084800000| PB 0x0000000084800000| Untracked 
|  33|0x0000000084900000, 0x0000000084900000, 0x0000000084a00000|  0%| F|  |TAMS 0x0000000084900000| PB 0x0000000084900000| Untracked 
|  34|0x0000000084a00000, 0x0000000084a00000, 0x0000000084b00000|  0%| F|  |TAMS 0x0000000084a00000| PB 0x0000000084a00000| Untracked 
|  35|0x0000000084b00000, 0x0000000084b00000, 0x0000000084c00000|  0%| F|  |TAMS 0x0000000084b00000| PB 0x0000000084b00000| Untracked 
|  36|0x0000000084c00000, 0x0000000084c00000, 0x0000000084d00000|  0%| F|  |TAMS 0x0000000084c00000| PB 0x0000000084c00000| Untracked 
|  37|0x0000000084d00000, 0x0000000084d00000, 0x0000000084e00000|  0%| F|  |TAMS 0x0000000084d00000| PB 0x0000000084d00000| Untracked 
|  38|0x0000000084e00000, 0x0000000084e00000, 0x0000000084f00000|  0%| F|  |TAMS 0x0000000084e00000| PB 0x0000000084e00000| Untracked 
|  39|0x0000000084f00000, 0x0000000084f00000, 0x0000000085000000|  0%| F|  |TAMS 0x0000000084f00000| PB 0x0000000084f00000| Untracked 
|  40|0x0000000085000000, 0x0000000085000000, 0x0000000085100000|  0%| F|  |TAMS 0x0000000085000000| PB 0x0000000085000000| Untracked 
|  41|0x0000000085100000, 0x0000000085100000, 0x0000000085200000|  0%| F|  |TAMS 0x0000000085100000| PB 0x0000000085100000| Untracked 
|  42|0x0000000085200000, 0x0000000085200000, 0x0000000085300000|  0%| F|  |TAMS 0x0000000085200000| PB 0x0000000085200000| Untracked 
|  43|0x0000000085300000, 0x0000000085300000, 0x0000000085400000|  0%| F|  |TAMS 0x0000000085300000| PB 0x0000000085300000| Untracked 
|  44|0x0000000085400000, 0x0000000085400000, 0x0000000085500000|  0%| F|  |TAMS 0x0000000085400000| PB 0x0000000085400000| Untracked 
|  45|0x0000000085500000, 0x0000000085500000, 0x0000000085600000|  0%| F|  |TAMS 0x0000000085500000| PB 0x0000000085500000| Untracked 
|  46|0x0000000085600000, 0x0000000085600000, 0x0000000085700000|  0%| F|  |TAMS 0x0000000085600000| PB 0x0000000085600000| Untracked 
|  47|0x0000000085700000, 0x0000000085700000, 0x0000000085800000|  0%| F|  |TAMS 0x0000000085700000| PB 0x0000000085700000| Untracked 
|  48|0x0000000085800000, 0x0000000085800000, 0x0000000085900000|  0%| F|  |TAMS 0x0000000085800000| PB 0x0000000085800000| Untracked 
|  49|0x0000000085900000, 0x0000000085900000, 0x0000000085a00000|  0%| F|  |TAMS 0x0000000085900000| PB 0x0000000085900000| Untracked 
|  50|0x0000000085a00000, 0x0000000085a00000, 0x0000000085b00000|  0%| F|  |TAMS 0x0000000085a00000| PB 0x0000000085a00000| Untracked 
|  51|0x0000000085b00000, 0x0000000085b00000, 0x0000000085c00000|  0%| F|  |TAMS 0x0000000085b00000| PB 0x0000000085b00000| Untracked 
|  52|0x0000000085c00000, 0x0000000085c00000, 0x0000000085d00000|  0%| F|  |TAMS 0x0000000085c00000| PB 0x0000000085c00000| Untracked 
|  53|0x0000000085d00000, 0x0000000085d00000, 0x0000000085e00000|  0%| F|  |TAMS 0x0000000085d00000| PB 0x0000000085d00000| Untracked 
|  54|0x0000000085e00000, 0x0000000085e00000, 0x0000000085f00000|  0%| F|  |TAMS 0x0000000085e00000| PB 0x0000000085e00000| Untracked 
|  55|0x0000000085f00000, 0x0000000085f00000, 0x0000000086000000|  0%| F|  |TAMS 0x0000000085f00000| PB 0x0000000085f00000| Untracked 
|  56|0x0000000086000000, 0x0000000086000000, 0x0000000086100000|  0%| F|  |TAMS 0x0000000086000000| PB 0x0000000086000000| Untracked 
|  57|0x0000000086100000, 0x0000000086100000, 0x0000000086200000|  0%| F|  |TAMS 0x0000000086100000| PB 0x0000000086100000| Untracked 
|  58|0x0000000086200000, 0x0000000086200000, 0x0000000086300000|  0%| F|  |TAMS 0x0000000086200000| PB 0x0000000086200000| Untracked 
|  59|0x0000000086300000, 0x0000000086300000, 0x0000000086400000|  0%| F|  |TAMS 0x0000000086300000| PB 0x0000000086300000| Untracked 
|  60|0x0000000086400000, 0x0000000086400000, 0x0000000086500000|  0%| F|  |TAMS 0x0000000086400000| PB 0x0000000086400000| Untracked 
|  61|0x0000000086500000, 0x0000000086500000, 0x0000000086600000|  0%| F|  |TAMS 0x0000000086500000| PB 0x0000000086500000| Untracked 
|  62|0x0000000086600000, 0x0000000086600000, 0x0000000086700000|  0%| F|  |TAMS 0x0000000086600000| PB 0x0000000086600000| Untracked 
|  63|0x0000000086700000, 0x0000000086700000, 0x0000000086800000|  0%| F|  |TAMS 0x0000000086700000| PB 0x0000000086700000| Untracked 
|  64|0x0000000086800000, 0x0000000086800000, 0x0000000086900000|  0%| F|  |TAMS 0x0000000086800000| PB 0x0000000086800000| Untracked 
|  65|0x0000000086900000, 0x0000000086900000, 0x0000000086a00000|  0%| F|  |TAMS 0x0000000086900000| PB 0x0000000086900000| Untracked 
|  66|0x0000000086a00000, 0x0000000086a00000, 0x0000000086b00000|  0%| F|  |TAMS 0x0000000086a00000| PB 0x0000000086a00000| Untracked 
|  67|0x0000000086b00000, 0x0000000086b00000, 0x0000000086c00000|  0%| F|  |TAMS 0x0000000086b00000| PB 0x0000000086b00000| Untracked 
|  68|0x0000000086c00000, 0x0000000086c00000, 0x0000000086d00000|  0%| F|  |TAMS 0x0000000086c00000| PB 0x0000000086c00000| Untracked 
|  69|0x0000000086d00000, 0x0000000086d00000, 0x0000000086e00000|  0%| F|  |TAMS 0x0000000086d00000| PB 0x0000000086d00000| Untracked 
|  70|0x0000000086e00000, 0x0000000086e00000, 0x0000000086f00000|  0%| F|  |TAMS 0x0000000086e00000| PB 0x0000000086e00000| Untracked 
|  71|0x0000000086f00000, 0x0000000086f00000, 0x0000000087000000|  0%| F|  |TAMS 0x0000000086f00000| PB 0x0000000086f00000| Untracked 
|  72|0x0000000087000000, 0x0000000087000000, 0x0000000087100000|  0%| F|  |TAMS 0x0000000087000000| PB 0x0000000087000000| Untracked 
|  73|0x0000000087100000, 0x0000000087100000, 0x0000000087200000|  0%| F|  |TAMS 0x0000000087100000| PB 0x0000000087100000| Untracked 
|  74|0x0000000087200000, 0x0000000087200000, 0x0000000087300000|  0%| F|  |TAMS 0x0000000087200000| PB 0x0000000087200000| Untracked 
|  75|0x0000000087300000, 0x0000000087300000, 0x0000000087400000|  0%| F|  |TAMS 0x0000000087300000| PB 0x0000000087300000| Untracked 
|  76|0x0000000087400000, 0x0000000087400000, 0x0000000087500000|  0%| F|  |TAMS 0x0000000087400000| PB 0x0000000087400000| Untracked 
|  77|0x0000000087500000, 0x0000000087500000, 0x0000000087600000|  0%| F|  |TAMS 0x0000000087500000| PB 0x0000000087500000| Untracked 
|  78|0x0000000087600000, 0x0000000087600000, 0x0000000087700000|  0%| F|  |TAMS 0x0000000087600000| PB 0x0000000087600000| Untracked 
|  79|0x0000000087700000, 0x0000000087700000, 0x0000000087800000|  0%| F|  |TAMS 0x0000000087700000| PB 0x0000000087700000| Untracked 
|  80|0x0000000087800000, 0x0000000087800000, 0x0000000087900000|  0%| F|  |TAMS 0x0000000087800000| PB 0x0000000087800000| Untracked 
|  81|0x0000000087900000, 0x0000000087900000, 0x0000000087a00000|  0%| F|  |TAMS 0x0000000087900000| PB 0x0000000087900000| Untracked 
|  82|0x0000000087a00000, 0x0000000087a00000, 0x0000000087b00000|  0%| F|  |TAMS 0x0000000087a00000| PB 0x0000000087a00000| Untracked 
|  83|0x0000000087b00000, 0x0000000087b00000, 0x0000000087c00000|  0%| F|  |TAMS 0x0000000087b00000| PB 0x0000000087b00000| Untracked 
|  84|0x0000000087c00000, 0x0000000087c00000, 0x0000000087d00000|  0%| F|  |TAMS 0x0000000087c00000| PB 0x0000000087c00000| Untracked 
|  85|0x0000000087d00000, 0x0000000087d00000, 0x0000000087e00000|  0%| F|  |TAMS 0x0000000087d00000| PB 0x0000000087d00000| Untracked 
|  86|0x0000000087e00000, 0x0000000087e00000, 0x0000000087f00000|  0%| F|  |TAMS 0x0000000087e00000| PB 0x0000000087e00000| Untracked 
|  87|0x0000000087f00000, 0x0000000087f00000, 0x0000000088000000|  0%| F|  |TAMS 0x0000000087f00000| PB 0x0000000087f00000| Untracked 
|  88|0x0000000088000000, 0x0000000088000000, 0x0000000088100000|  0%| F|  |TAMS 0x0000000088000000| PB 0x0000000088000000| Untracked 
|  89|0x0000000088100000, 0x0000000088100000, 0x0000000088200000|  0%| F|  |TAMS 0x0000000088100000| PB 0x0000000088100000| Untracked 
|  90|0x0000000088200000, 0x0000000088200000, 0x0000000088300000|  0%| F|  |TAMS 0x0000000088200000| PB 0x0000000088200000| Untracked 
|  91|0x0000000088300000, 0x0000000088300000, 0x0000000088400000|  0%| F|  |TAMS 0x0000000088300000| PB 0x0000000088300000| Untracked 
|  92|0x0000000088400000, 0x0000000088400000, 0x0000000088500000|  0%| F|  |TAMS 0x0000000088400000| PB 0x0000000088400000| Untracked 
|  93|0x0000000088500000, 0x0000000088500000, 0x0000000088600000|  0%| F|  |TAMS 0x0000000088500000| PB 0x0000000088500000| Untracked 
|  94|0x0000000088600000, 0x0000000088600000, 0x0000000088700000|  0%| F|  |TAMS 0x0000000088600000| PB 0x0000000088600000| Untracked 
|  95|0x0000000088700000, 0x0000000088700000, 0x0000000088800000|  0%| F|  |TAMS 0x0000000088700000| PB 0x0000000088700000| Untracked 
|  96|0x0000000088800000, 0x0000000088800000, 0x0000000088900000|  0%| F|  |TAMS 0x0000000088800000| PB 0x0000000088800000| Untracked 
|  97|0x0000000088900000, 0x0000000088900000, 0x0000000088a00000|  0%| F|  |TAMS 0x0000000088900000| PB 0x0000000088900000| Untracked 
|  98|0x0000000088a00000, 0x0000000088a00000, 0x0000000088b00000|  0%| F|  |TAMS 0x0000000088a00000| PB 0x0000000088a00000| Untracked 
|  99|0x0000000088b00000, 0x0000000088b00000, 0x0000000088c00000|  0%| F|  |TAMS 0x0000000088b00000| PB 0x0000000088b00000| Untracked 
| 100|0x0000000088c00000, 0x0000000088c00000, 0x0000000088d00000|  0%| F|  |TAMS 0x0000000088c00000| PB 0x0000000088c00000| Untracked 
| 101|0x0000000088d00000, 0x0000000088d00000, 0x0000000088e00000|  0%| F|  |TAMS 0x0000000088d00000| PB 0x0000000088d00000| Untracked 
| 102|0x0000000088e00000, 0x0000000088e00000, 0x0000000088f00000|  0%| F|  |TAMS 0x0000000088e00000| PB 0x0000000088e00000| Untracked 
| 103|0x0000000088f00000, 0x0000000088f00000, 0x0000000089000000|  0%| F|  |TAMS 0x0000000088f00000| PB 0x0000000088f00000| Untracked 
| 104|0x0000000089000000, 0x0000000089000000, 0x0000000089100000|  0%| F|  |TAMS 0x0000000089000000| PB 0x0000000089000000| Untracked 
| 105|0x0000000089100000, 0x0000000089100000, 0x0000000089200000|  0%| F|  |TAMS 0x0000000089100000| PB 0x0000000089100000| Untracked 
| 106|0x0000000089200000, 0x0000000089200000, 0x0000000089300000|  0%| F|  |TAMS 0x0000000089200000| PB 0x0000000089200000| Untracked 
| 107|0x0000000089300000, 0x0000000089300000, 0x0000000089400000|  0%| F|  |TAMS 0x0000000089300000| PB 0x0000000089300000| Untracked 
| 108|0x0000000089400000, 0x0000000089400000, 0x0000000089500000|  0%| F|  |TAMS 0x0000000089400000| PB 0x0000000089400000| Untracked 
| 109|0x0000000089500000, 0x0000000089500000, 0x0000000089600000|  0%| F|  |TAMS 0x0000000089500000| PB 0x0000000089500000| Untracked 
| 110|0x0000000089600000, 0x0000000089600000, 0x0000000089700000|  0%| F|  |TAMS 0x0000000089600000| PB 0x0000000089600000| Untracked 
| 111|0x0000000089700000, 0x000000008975cea0, 0x0000000089800000| 36%| E|  |TAMS 0x0000000089700000| PB 0x0000000089700000| Complete 
| 112|0x0000000089800000, 0x0000000089900000, 0x0000000089900000|100%| E|CS|TAMS 0x0000000089800000| PB 0x0000000089800000| Complete 
| 113|0x0000000089900000, 0x0000000089a00000, 0x0000000089a00000|100%| E|CS|TAMS 0x0000000089900000| PB 0x0000000089900000| Complete 
| 114|0x0000000089a00000, 0x0000000089b00000, 0x0000000089b00000|100%| E|CS|TAMS 0x0000000089a00000| PB 0x0000000089a00000| Complete 
| 115|0x0000000089b00000, 0x0000000089c00000, 0x0000000089c00000|100%| S|CS|TAMS 0x0000000089b00000| PB 0x0000000089b00000| Complete 
| 116|0x0000000089c00000, 0x0000000089d00000, 0x0000000089d00000|100%| S|CS|TAMS 0x0000000089c00000| PB 0x0000000089c00000| Complete 
| 117|0x0000000089d00000, 0x0000000089e00000, 0x0000000089e00000|100%| E|CS|TAMS 0x0000000089d00000| PB 0x0000000089d00000| Complete 
| 118|0x0000000089e00000, 0x0000000089f00000, 0x0000000089f00000|100%| E|CS|TAMS 0x0000000089e00000| PB 0x0000000089e00000| Complete 
| 119|0x0000000089f00000, 0x000000008a000000, 0x000000008a000000|100%| E|CS|TAMS 0x0000000089f00000| PB 0x0000000089f00000| Complete 
| 120|0x000000008a000000, 0x000000008a100000, 0x000000008a100000|100%| E|CS|TAMS 0x000000008a000000| PB 0x000000008a000000| Complete 
| 121|0x000000008a100000, 0x000000008a200000, 0x000000008a200000|100%| E|CS|TAMS 0x000000008a100000| PB 0x000000008a100000| Complete 
| 122|0x000000008a200000, 0x000000008a300000, 0x000000008a300000|100%| E|CS|TAMS 0x000000008a200000| PB 0x000000008a200000| Complete 
| 123|0x000000008a300000, 0x000000008a400000, 0x000000008a400000|100%| E|CS|TAMS 0x000000008a300000| PB 0x000000008a300000| Complete 
| 124|0x000000008a400000, 0x000000008a500000, 0x000000008a500000|100%| E|CS|TAMS 0x000000008a400000| PB 0x000000008a400000| Complete 
| 125|0x000000008a500000, 0x000000008a600000, 0x000000008a600000|100%| E|CS|TAMS 0x000000008a500000| PB 0x000000008a500000| Complete 

Card table byte_map: [0x000002b9d3970000,0x000002b9d3d60000] _byte_map_base: 0x000002b9d355c000

Marking Bits: (CMBitMap*) 0x000002b9c6137700
 Bits: [0x000002b9d3d60000, 0x000002b9d5cc0000)

Polling page: 0x000002b9d00b0000

Metaspace:

Usage:
  Non-class:      4.37 MB used.
      Class:    644.13 KB used.
       Both:      5.00 MB used.

Virtual space:
  Non-class space:       64.00 MB reserved,       4.44 MB (  7%) committed,  1 nodes.
      Class space:        1.00 GB reserved,     704.00 KB ( <1%) committed,  1 nodes.
             Both:        1.06 GB reserved,       5.12 MB ( <1%) committed. 

Chunk freelists:
   Non-Class:  10.00 MB
       Class:  15.13 MB
        Both:  25.13 MB

MaxMetaspaceSize: unlimited
CompressedClassSpaceSize: 1.00 GB
Initial GC threshold: 21.00 MB
Current GC threshold: 21.00 MB
CDS: on
 - commit_granule_bytes: 65536.
 - commit_granule_words: 8192.
 - virtual_space_node_default_size: 8388608.
 - enlarge_chunks_in_place: 1.
 - use_allocation_guard: 0.


Internal statistics:

num_allocs_failed_limit: 0.
num_arena_births: 112.
num_arena_deaths: 0.
num_vsnodes_births: 2.
num_vsnodes_deaths: 0.
num_space_committed: 82.
num_space_uncommitted: 0.
num_chunks_returned_to_freelist: 0.
num_chunks_taken_from_freelist: 269.
num_chunk_merges: 0.
num_chunk_splits: 149.
num_chunks_enlarged: 74.
num_inconsistent_stats: 0.

CodeCache: size=49152Kb used=2882Kb max_used=2882Kb free=46269Kb
 bounds [0x000002b9d00d0000, 0x000002b9d03b0000, 0x000002b9d30d0000]
 total_blobs=1599, nmethods=1150, adapters=374, full_count=0
Compilation: enabled, stopped_count=0, restarted_count=0

Compilation events (20 events):
Event: 9.091 Thread 0x000002b9d82f8f50 1140       1       java.util.concurrent.atomic.AtomicInteger::<init> (5 bytes)
Event: 9.092 Thread 0x000002b9d82f8f50 nmethod 1140 0x000002b9d039d110 code [0x000002b9d039d2a0, 0x000002b9d039d368]
Event: 9.092 Thread 0x000002b9d82f8f50 1141       1       org.springframework.util.ConcurrentReferenceHashMap$Segment::createReferenceArray (5 bytes)
Event: 9.092 Thread 0x000002b9d82f8f50 nmethod 1141 0x000002b9d039d410 code [0x000002b9d039d5a0, 0x000002b9d039d6f8]
Event: 9.092 Thread 0x000002b9d82f8f50 1142       1       org.springframework.util.ConcurrentReferenceHashMap$Segment::<init> (48 bytes)
Event: 9.092 Thread 0x000002b9d82f8f50 nmethod 1142 0x000002b9d039d790 code [0x000002b9d039d960, 0x000002b9d039df40]
Event: 9.092 Thread 0x000002b9d82f8f50 1143       1       org.springframework.util.ConcurrentReferenceHashMap::createReferenceManager (9 bytes)
Event: 9.092 Thread 0x000002b9d82f8f50 nmethod 1143 0x000002b9d039e110 code [0x000002b9d039e2c0, 0x000002b9d039e528]
Event: 9.092 Thread 0x000002b9d82f8f50 1144       1       org.springframework.util.ConcurrentReferenceHashMap$ReferenceManager::<init> (21 bytes)
Event: 9.093 Thread 0x000002b9d82f8f50 nmethod 1144 0x000002b9d039e610 code [0x000002b9d039e7c0, 0x000002b9d039ec40]
Event: 9.106 Thread 0x000002b9d82f8f50 1146       1       sun.reflect.generics.parser.SignatureParser::skipIdentifier (67 bytes)
Event: 9.107 Thread 0x000002b9d82f8f50 nmethod 1146 0x000002b9d039f190 code [0x000002b9d039f360, 0x000002b9d039f540]
Event: 9.107 Thread 0x000002b9d82f8f50 1147       1       java.lang.invoke.Invokers::checkExactType (17 bytes)
Event: 9.107 Thread 0x000002b9d82f8f50 nmethod 1147 0x000002b9d039f690 code [0x000002b9d039f840, 0x000002b9d039f920]
Event: 9.107 Thread 0x000002b9d82f8f50 1148       1       java.lang.invoke.Invokers::checkCustomized (23 bytes)
Event: 9.107 Thread 0x000002b9d82f8f50 nmethod 1148 0x000002b9d039fa10 code [0x000002b9d039fbc0, 0x000002b9d039fc98]
Event: 9.107 Thread 0x000002b9d82f8f50 1149       1       java.lang.invoke.Invokers::maybeCustomize (5 bytes)
Event: 9.107 Thread 0x000002b9d82f8f50 nmethod 1149 0x000002b9d039fd90 code [0x000002b9d039ff40, 0x000002b9d03a0010]
Event: 9.108 Thread 0x000002b9d82f8f50 1150       1       java.lang.invoke.MethodHandle::maybeCustomize (38 bytes)
Event: 9.108 Thread 0x000002b9d82f8f50 nmethod 1150 0x000002b9d03a0110 code [0x000002b9d03a02e0, 0x000002b9d03a0488]

GC Heap History (4 events):
Event: 5.599 GC heap before
{Heap before GC invocations=0 (full 0):
 garbage-first heap   total 129024K, used 14336K [0x0000000082800000, 0x0000000100000000)
  region size 1024K, 13 young (13312K), 0 survivors (0K)
 Metaspace       used 1303K, committed 1408K, reserved 1114112K
  class space    used 147K, committed 192K, reserved 1048576K
}
Event: 5.631 GC heap after
{Heap after GC invocations=1 (full 0):
 garbage-first heap   total 129024K, used 7914K [0x0000000082800000, 0x0000000100000000)
  region size 1024K, 2 young (2048K), 2 survivors (2048K)
 Metaspace       used 1303K, committed 1408K, reserved 1114112K
  class space    used 147K, committed 192K, reserved 1048576K
}
Event: 6.566 GC heap before
{Heap before GC invocations=1 (full 0):
 garbage-first heap   total 129024K, used 20202K [0x0000000082800000, 0x0000000100000000)
  region size 1024K, 11 young (11264K), 2 survivors (2048K)
 Metaspace       used 2096K, committed 2304K, reserved 1114112K
  class space    used 268K, committed 384K, reserved 1048576K
}
Event: 6.576 GC heap after
{Heap after GC invocations=2 (full 0):
 garbage-first heap   total 129024K, used 14260K [0x0000000082800000, 0x0000000100000000)
  region size 1024K, 2 young (2048K), 2 survivors (2048K)
 Metaspace       used 2096K, committed 2304K, reserved 1114112K
  class space    used 268K, committed 384K, reserved 1048576K
}

Dll operation events (5 events):
Event: 0.083 Loaded shared library C:\Program Files\Eclipse Adoptium\jdk-21.0.10.7-hotspot\bin\java.dll
Event: 2.176 Loaded shared library C:\Program Files\Eclipse Adoptium\jdk-21.0.10.7-hotspot\bin\net.dll
Event: 2.197 Loaded shared library C:\Program Files\Eclipse Adoptium\jdk-21.0.10.7-hotspot\bin\nio.dll
Event: 2.219 Loaded shared library C:\Program Files\Eclipse Adoptium\jdk-21.0.10.7-hotspot\bin\zip.dll
Event: 5.143 Loaded shared library C:\Program Files\Eclipse Adoptium\jdk-21.0.10.7-hotspot\bin\jimage.dll

Deoptimization events (0 events):
No events

Classes loaded (20 events):
Event: 8.874 Loading class java/lang/StackWalker$Option
Event: 8.875 Loading class java/lang/StackWalker$Option done
Event: 8.877 Loading class java/lang/StackStreamFactory
Event: 8.878 Loading class java/lang/StackStreamFactory done
Event: 8.878 Loading class java/lang/StackWalker$ExtendedOption
Event: 8.878 Loading class java/lang/StackWalker$ExtendedOption done
Event: 8.878 Loading class java/lang/StackStreamFactory$StackFrameTraverser
Event: 8.879 Loading class java/lang/StackStreamFactory$StackFrameTraverser done
Event: 8.879 Loading class java/lang/StackStreamFactory$WalkerState
Event: 8.879 Loading class java/lang/StackStreamFactory$WalkerState done
Event: 8.879 Loading class java/lang/StackStreamFactory$StackFrameTraverser$StackFrameBuffer
Event: 8.880 Loading class java/lang/StackStreamFactory$FrameBuffer
Event: 8.880 Loading class java/lang/StackStreamFactory$FrameBuffer done
Event: 8.880 Loading class java/lang/StackStreamFactory$StackFrameTraverser$StackFrameBuffer done
Event: 8.928 Loading class java/util/concurrent/RejectedExecutionException
Event: 8.930 Loading class java/util/concurrent/RejectedExecutionException done
Event: 8.996 Loading class java/lang/reflect/InaccessibleObjectException
Event: 8.996 Loading class java/lang/reflect/InaccessibleObjectException done
Event: 9.106 Loading class java/lang/annotation/ElementType
Event: 9.106 Loading class java/lang/annotation/ElementType done

Classes unloaded (0 events):
No events

Classes redefined (0 events):
No events

Internal exceptions (13 events):
Event: 5.451 Thread 0x000002b9c5fb35f0 Exception <a 'java/lang/NoSuchMethodError'{0x0000000089976c80}: 'java.lang.Object java.lang.invoke.DirectMethodHandle$Holder.invokeSpecial(java.lang.Object, java.lang.Object, java.lang.Object, long, java.lang.Object)'> (0x0000000089976c80) 
thrown [s\src\hotspot\share\interpreter\linkResolver.cpp, line 773]
Event: 5.452 Thread 0x000002b9c5fb35f0 Exception <a 'java/lang/NoSuchMethodError'{0x000000008997a5f0}: 'java.lang.Object java.lang.invoke.Invokers$Holder.linkToTargetMethod(java.lang.Object, long, java.lang.Object, java.lang.Object)'> (0x000000008997a5f0) 
thrown [s\src\hotspot\share\interpreter\linkResolver.cpp, line 773]
Event: 5.834 Thread 0x000002b9c5fb35f0 Exception <a 'java/lang/NoSuchMethodError'{0x000000008a4bb9f0}: 'void java.lang.invoke.DirectMethodHandle$Holder.invokeStatic(java.lang.Object, java.lang.Object, java.lang.Object, java.lang.Object)'> (0x000000008a4bb9f0) 
thrown [s\src\hotspot\share\interpreter\linkResolver.cpp, line 773]
Event: 6.230 Thread 0x000002b9c5fb35f0 Exception <a 'java/lang/NoSuchMethodError'{0x000000008a3e5f08}: 'int java.lang.invoke.DirectMethodHandle$Holder.invokeStaticInit(java.lang.Object, java.lang.Object)'> (0x000000008a3e5f08) 
thrown [s\src\hotspot\share\interpreter\linkResolver.cpp, line 773]
Event: 7.089 Thread 0x000002b9c5fb35f0 Exception <a 'java/lang/NoSuchMethodError'{0x000000008a203048}: 'void java.lang.invoke.DirectMethodHandle$Holder.invokeVirtual(java.lang.Object, java.lang.Object)'> (0x000000008a203048) 
thrown [s\src\hotspot\share\interpreter\linkResolver.cpp, line 773]
Event: 8.534 Thread 0x000002b9c5fb35f0 Exception <a 'java/lang/NoSuchMethodError'{0x0000000089a74990}: 'void java.lang.invoke.DirectMethodHandle$Holder.invokeInterface(java.lang.Object, java.lang.Object, java.lang.Object, java.lang.Object)'> (0x0000000089a74990) 
thrown [s\src\hotspot\share\interpreter\linkResolver.cpp, line 773]
Event: 8.884 Thread 0x000002b9c5fb35f0 Exception <a 'java/lang/NoSuchMethodError'{0x0000000089989400}: 'java.lang.Object java.lang.invoke.DirectMethodHandle$Holder.invokeInterface(java.lang.Object, java.lang.Object)'> (0x0000000089989400) 
thrown [s\src\hotspot\share\interpreter\linkResolver.cpp, line 773]
Event: 8.931 Thread 0x000002b9c5fb35f0 Exception <a 'java/lang/NoSuchMethodError'{0x00000000899bec00}: 'void java.lang.invoke.DirectMethodHandle$Holder.invokeStatic(java.lang.Object, java.lang.Object, java.lang.Object)'> (0x00000000899bec00) 
thrown [s\src\hotspot\share\interpreter\linkResolver.cpp, line 773]
Event: 8.933 Thread 0x000002b9c5fb35f0 Exception <a 'java/lang/NoSuchMethodError'{0x00000000899c5610}: 'void java.lang.invoke.DirectMethodHandle$Holder.invokeStatic(java.lang.Object, java.lang.Object)'> (0x00000000899c5610) 
thrown [s\src\hotspot\share\interpreter\linkResolver.cpp, line 773]
Event: 8.964 Thread 0x000002b9c5fb35f0 Exception <a 'java/lang/NoSuchMethodError'{0x0000000089831b20}: 'java.lang.Object java.lang.invoke.DirectMethodHandle$Holder.invokeSpecialIFC(java.lang.Object, java.lang.Object, java.lang.Object, java.lang.Object)'> (0x0000000089831b20) 
thrown [s\src\hotspot\share\interpreter\linkResolver.cpp, line 773]
Event: 8.978 Thread 0x000002b9c5fb35f0 Exception <a 'java/lang/NoSuchMethodError'{0x000000008984b8a8}: 'java.lang.Object java.lang.invoke.DirectMethodHandle$Holder.invokeInterface(java.lang.Object, java.lang.Object, java.lang.Object)'> (0x000000008984b8a8) 
thrown [s\src\hotspot\share\interpreter\linkResolver.cpp, line 773]
Event: 9.063 Thread 0x000002b9c5fb35f0 Exception <a 'java/lang/NoSuchMethodError'{0x00000000898fcb38}: 'int java.lang.invoke.DirectMethodHandle$Holder.invokeStaticInit(java.lang.Object, java.lang.Object, java.lang.Object)'> (0x00000000898fcb38) 
thrown [s\src\hotspot\share\interpreter\linkResolver.cpp, line 773]
Event: 9.109 Thread 0x000002b9c5fb35f0 Exception <a 'java/lang/NoSuchMethodError'{0x0000000089752060}: 'java.lang.Object java.lang.invoke.DirectMethodHandle$Holder.newInvokeSpecial(java.lang.Object, java.lang.Object, java.lang.Object, java.lang.Object, java.lang.Object)'> (0x0000000089752060) 
thrown [s\src\hotspot\share\interpreter\linkResolver.cpp, line 773]

ZGC Phase Switch (0 events):
No events

VM Operations (20 events):
Event: 2.234 Executing non-safepoint VM operation: HandshakeAllThreads (Deoptimize)
Event: 2.234 Executing non-safepoint VM operation: HandshakeAllThreads (Deoptimize) done
Event: 3.236 Executing safepoint VM operation: Cleanup
Event: 3.251 Executing safepoint VM operation: Cleanup done
Event: 4.261 Executing safepoint VM operation: Cleanup
Event: 4.262 Executing safepoint VM operation: Cleanup done
Event: 5.128 Executing non-safepoint VM operation: HandshakeAllThreads (Deoptimize)
Event: 5.128 Executing non-safepoint VM operation: HandshakeAllThreads (Deoptimize) done
Event: 5.226 Executing non-safepoint VM operation: HandshakeAllThreads (Deoptimize)
Event: 5.226 Executing non-safepoint VM operation: HandshakeAllThreads (Deoptimize) done
Event: 5.599 Executing safepoint VM operation: G1CollectForAllocation (G1 Evacuation Pause)
Event: 5.631 Executing safepoint VM operation: G1CollectForAllocation (G1 Evacuation Pause) done
Event: 6.566 Executing safepoint VM operation: G1CollectForAllocation (G1 Evacuation Pause)
Event: 6.576 Executing safepoint VM operation: G1CollectForAllocation (G1 Evacuation Pause) done
Event: 7.029 Executing non-safepoint VM operation: HandshakeAllThreads (Deoptimize)
Event: 7.029 Executing non-safepoint VM operation: HandshakeAllThreads (Deoptimize) done
Event: 8.039 Executing safepoint VM operation: Cleanup
Event: 8.056 Executing safepoint VM operation: Cleanup done
Event: 8.863 Executing non-safepoint VM operation: HandshakeAllThreads (Deoptimize)
Event: 8.863 Executing non-safepoint VM operation: HandshakeAllThreads (Deoptimize) done

Memory protections (0 events):
No events

Nmethod flushes (0 events):
No events

Events (10 events):
Event: 0.399 Thread 0x000002b9c5fb35f0 Thread added: 0x000002b9c5fb35f0
Event: 0.687 Thread 0x000002b9c5fb35f0 Thread added: 0x000002b9d82f3ce0
Event: 0.688 Thread 0x000002b9c5fb35f0 Thread added: 0x000002b9d82f4a00
Event: 0.693 Thread 0x000002b9c5fb35f0 Thread added: 0x000002b9d82f65d0
Event: 0.693 Thread 0x000002b9c5fb35f0 Thread added: 0x000002b9d82f7030
Event: 0.693 Thread 0x000002b9c5fb35f0 Thread added: 0x000002b9d82f7a90
Event: 0.693 Thread 0x000002b9c5fb35f0 Thread added: 0x000002b9d82f84f0
Event: 0.694 Thread 0x000002b9c5fb35f0 Thread added: 0x000002b9d82f8f50
Event: 2.134 Thread 0x000002b9c5fb35f0 Thread added: 0x000002b9d849c420
Event: 2.159 Thread 0x000002b9c5fb35f0 Thread added: 0x000002b9d8390aa0


Dynamic libraries:
0x00007ff6fbf50000 - 0x00007ff6fbf5e000 	C:\Program Files\Eclipse Adoptium\jdk-21.0.10.7-hotspot\bin\java.exe
0x00007ff9593b0000 - 0x00007ff9595a8000 	C:\Windows\SYSTEM32\ntdll.dll
0x00007ff958240000 - 0x00007ff958302000 	C:\Windows\System32\KERNEL32.DLL
0x00007ff956dc0000 - 0x00007ff9570b6000 	C:\Windows\System32\KERNELBASE.dll
0x00007ff9570f0000 - 0x00007ff9571f0000 	C:\Windows\System32\ucrtbase.dll
0x00007ff94e320000 - 0x00007ff94e338000 	C:\Program Files\Eclipse Adoptium\jdk-21.0.10.7-hotspot\bin\jli.dll
0x00007ff957a80000 - 0x00007ff957c21000 	C:\Windows\System32\USER32.dll
0x00007ff956be0000 - 0x00007ff956c02000 	C:\Windows\System32\win32u.dll
0x00007ff957e10000 - 0x00007ff957e3b000 	C:\Windows\System32\GDI32.dll
0x00007ff94bfb0000 - 0x00007ff94bfce000 	C:\Program Files\Eclipse Adoptium\jdk-21.0.10.7-hotspot\bin\VCRUNTIME140.dll
0x00007ff9429f0000 - 0x00007ff942c8b000 	C:\Windows\WinSxS\amd64_microsoft.windows.common-controls_6595b64144ccf1df_6.0.19041.6456_none_60b8a6cb71f64256\COMCTL32.dll
0x00007ff957d10000 - 0x00007ff957dae000 	C:\Windows\System32\msvcrt.dll
0x00007ff956a40000 - 0x00007ff956b59000 	C:\Windows\System32\gdi32full.dll
0x00007ff957280000 - 0x00007ff95731d000 	C:\Windows\System32\msvcp_win.dll
0x00007ff958370000 - 0x00007ff95839f000 	C:\Windows\System32\IMM32.DLL
0x00007ff950f50000 - 0x00007ff950f5c000 	C:\Program Files\Eclipse Adoptium\jdk-21.0.10.7-hotspot\bin\vcruntime140_1.dll
0x00007ff93c9b0000 - 0x00007ff93ca3d000 	C:\Program Files\Eclipse Adoptium\jdk-21.0.10.7-hotspot\bin\msvcp140.dll
0x00007ff8e25b0000 - 0x00007ff8e3351000 	C:\Program Files\Eclipse Adoptium\jdk-21.0.10.7-hotspot\bin\server\jvm.dll
0x00007ff958b10000 - 0x00007ff958bc1000 	C:\Windows\System32\ADVAPI32.dll
0x00007ff957f40000 - 0x00007ff957fdf000 	C:\Windows\System32\sechost.dll
0x00007ff959130000 - 0x00007ff959250000 	C:\Windows\System32\RPCRT4.dll
0x00007ff9570c0000 - 0x00007ff9570e7000 	C:\Windows\System32\bcrypt.dll
0x00007ff959060000 - 0x00007ff9590cb000 	C:\Windows\System32\WS2_32.dll
0x00007ff955f90000 - 0x00007ff955fdb000 	C:\Windows\SYSTEM32\POWRPROF.dll
0x00007ff94a7b0000 - 0x00007ff94a7d7000 	C:\Windows\SYSTEM32\WINMM.dll
0x00007ff94f430000 - 0x00007ff94f43a000 	C:\Windows\SYSTEM32\VERSION.dll
0x00007ff955e00000 - 0x00007ff955e12000 	C:\Windows\SYSTEM32\UMPDC.dll
0x00007ff954870000 - 0x00007ff954882000 	C:\Windows\SYSTEM32\kernel.appcore.dll
0x00007ff94e580000 - 0x00007ff94e58a000 	C:\Program Files\Eclipse Adoptium\jdk-21.0.10.7-hotspot\bin\jimage.dll
0x00007ff94f8b0000 - 0x00007ff94fab1000 	C:\Windows\SYSTEM32\DBGHELP.DLL
0x00007ff93b130000 - 0x00007ff93b164000 	C:\Windows\SYSTEM32\dbgcore.DLL
0x00007ff9571f0000 - 0x00007ff957272000 	C:\Windows\System32\bcryptPrimitives.dll
0x00007ff94bec0000 - 0x00007ff94bee0000 	C:\Program Files\Eclipse Adoptium\jdk-21.0.10.7-hotspot\bin\java.dll
0x00007ff9583a0000 - 0x00007ff958b10000 	C:\Windows\System32\SHELL32.dll
0x00007ff954a70000 - 0x00007ff955215000 	C:\Windows\SYSTEM32\windows.storage.dll
0x00007ff958d00000 - 0x00007ff959054000 	C:\Windows\System32\combase.dll
0x00007ff956390000 - 0x00007ff9563bb000 	C:\Windows\SYSTEM32\Wldp.dll
0x00007ff957e40000 - 0x00007ff957f0d000 	C:\Windows\System32\OLEAUT32.dll
0x00007ff958190000 - 0x00007ff95823d000 	C:\Windows\System32\SHCORE.dll
0x00007ff958130000 - 0x00007ff95818b000 	C:\Windows\System32\shlwapi.dll
0x00007ff956970000 - 0x00007ff956994000 	C:\Windows\SYSTEM32\profapi.dll
0x00007ff94e3a0000 - 0x00007ff94e3b0000 	C:\Program Files\Eclipse Adoptium\jdk-21.0.10.7-hotspot\bin\net.dll
0x00007ff94ee60000 - 0x00007ff94ef6a000 	C:\Windows\SYSTEM32\WINHTTP.dll
0x00007ff956170000 - 0x00007ff9561da000 	C:\Windows\system32\mswsock.dll
0x00007ff93ee20000 - 0x00007ff93ee36000 	C:\Program Files\Eclipse Adoptium\jdk-21.0.10.7-hotspot\bin\nio.dll
0x00007ff93ee00000 - 0x00007ff93ee18000 	C:\Program Files\Eclipse Adoptium\jdk-21.0.10.7-hotspot\bin\zip.dll

JVMTI agents: none

dbghelp: loaded successfully - version: 4.0.5 - missing functions: none
symbol engine: initialized successfully - sym options: 0x614 - pdb path: .;C:\Program Files\Eclipse Adoptium\jdk-21.0.10.7-hotspot\bin;C:\Windows\SYSTEM32;C:\Windows\WinSxS\amd64_microsoft.windows.common-controls_6595b64144ccf1df_6.0.19041.6456_none_60b8a6cb71f64256;C:\Program Files\Eclipse Adoptium\jdk-21.0.10.7-hotspot\bin\server

VM Arguments:
jvm_args: -XX:TieredStopAtLevel=1 
java_command: com.inmobiliaria.property_service.PropertyServiceApplication
java_class_path (initial): C:\Users\3020s\OneDrive\Escritorio\8Sem\taller software\Group-C_Droca-Inmob_Backend\property-service\target\classes;C:\Users\3020s\.m2\repository\org\springframework\boot\spring-boot\3.5.14\spring-boot-3.5.14.jar;C:\Users\3020s\.m2\repository\org\springframework\boot\spring-boot-autoconfigure\3.5.14\spring-boot-autoconfigure-3.5.14.jar;C:\Users\3020s\.m2\repository\ch\qos\logback\logback-classic\1.5.32\logback-classic-1.5.32.jar;C:\Users\3020s\.m2\repository\ch\qos\logback\logback-core\1.5.32\logback-core-1.5.32.jar;C:\Users\3020s\.m2\repository\org\apache\logging\log4j\log4j-to-slf4j\2.24.3\log4j-to-slf4j-2.24.3.jar;C:\Users\3020s\.m2\repository\org\apache\logging\log4j\log4j-api\2.24.3\log4j-api-2.24.3.jar;C:\Users\3020s\.m2\repository\org\slf4j\jul-to-slf4j\2.0.17\jul-to-slf4j-2.0.17.jar;C:\Users\3020s\.m2\repository\jakarta\annotation\jakarta.annotation-api\2.1.1\jakarta.annotation-api-2.1.1.jar;C:\Users\3020s\.m2\repository\org\yaml\snakeyaml\2.4\snakeyaml-2.4.jar;C:\Users\3020s\.m2\repository\org\mongodb\mongodb-driver-sync\5.5.2\mongodb-driver-sync-5.5.2.jar;C:\Users\3020s\.m2\repository\org\mongodb\bson\5.5.2\bson-5.5.2.jar;C:\Users\3020s\.m2\repository\org\mongodb\mongodb-driver-core\5.5.2\mongodb-driver-core-5.5.2.jar;C:\Users\3020s\.m2\repository\org\mongodb\bson-record-codec\5.5.2\bson-record-codec-5.5.2.jar;C:\Users\3020s\.m2\repository\org\springframework\data\spring-data-mongodb\4.5.11\spring-data-mongodb-4.5.11.jar;C:\Users\3020s\.m2\repository\org\springframework\spring-tx\6.2.18\spring-tx-6.2.18.jar;C:\Users\3020s\.m2\repository\org\springframework\spring-context\6.2.18\spring-context-6.2.18.jar;C:\Users\3020s\.m2\repository\org\springframework\spring-beans\6.2.18\spring-beans-6.2.18.jar;C:\Users\3020s\.m2\repository\org\springframework\spring-expression\6.2.18\spring-expression-6.2.18.jar;C:\Users\3020s\.m2\repository\org\springframework\data\spring-data-commons\3.5.11\spring-data-commons-3.5.11.jar;C:\Users\3020s\.m2\repository\org\apache\tomcat\embed\tomcat-embed-el\10.1.54\tomcat-embed-el-10.1.54.jar;C:\Users\3020s\.m2\repository\org\hibernate\validator\hibernate-validator\8.0.3.Final\hibernate-validator-8.0.3.Final.jar;C:\Users\3020s\.m2\repository\jakarta\validation\jakarta.validation-api\3.0.2\jakarta.validation-api-3.0.2.jar;C:\Users\3020s\.m2\repository\org\jboss\logging\jboss-logging\3.6.3.Final\jboss-logging-3.6.3.Final.jar;C:\Users\3020s\.m2\repository\com\fasterxml\classmate\1.7.3\classmate-1.7.3.jar;C:\Users\3020s\.m2\repository\com\fasterxml\jackson\datatype\jackson-datatype-jdk8\2.21.2\jackson-datatype-jdk8-2.21.2.jar;C:\Users\3020s\.m2\repository\com\fasterxml\jackson\datatype\jackson-datatype-jsr310\2.21.2\jackson-datatype-jsr310-2.21.2.jar;C:\Users\3020s\.m2\repository\com\fasterxml\jackson\module\jackson-module-parameter-names\2.21.2\jackson-module-parameter-names-2.21.2.jar;C:\Users\3020s\.m2\repository\org\apache\tomcat\embed\tomcat-embed-core\10.1.54\tomcat-embed-core-10.1.54.jar;C:\Users\3020s\.m2\repository\org\apache\tomcat\embed\tomcat-embed-websocket\10.1.54\tomcat-embed-websocket-10.1.54.jar;C:\Users\3020s\.m2\repository\org\springframework\spring-web\6.2.18\spring-web-6.2.18.jar;C:\Users\3020s\.m2\repository\io\micrometer\micrometer-observation\1.15.11\micrometer-observation-1.15.11.jar;C:\Users\3020s\.m2\repository\io\micrometer\micrometer-commons\1.15.11\micrometer-commons-1.15.11.jar;C:\Users\3020s\.m2\repository\org\springframework\spring-webmvc\6.2.18\spring-webmvc-6.2.18.jar;C:\Users\3020s\.m2\repository\org\springframework\cloud\spring-cloud-starter-config\4.3.1\spring-cloud-starter-config-4.3.1.jar;C:\Users\3020s\.m2\repository\org\springframework\cloud\spring-cloud-starter\4.3.1\spring-cloud-starter-4.3.1.jar;C:\Users\3020s\.m2\repository\org\springframework\cloud\spring-cloud-context\4.3.1\spring-cloud-context-4.3.1.jar;C:\Users\3020s\.m2\repository\org\springframework\cloud\spring-cloud-config-client\4.3.1\spring-cloud-config-client-4.3.1.jar;C:\Users\3020s\.m2\repository\org\apache\httpcomponents\client5\httpclient5\5.5.2\httpclient5-5.5.2.jar;C:\Users\3020s\.m2\repository\org\apache\httpcomponents\core5\httpcore5\5.3.6\httpcore5-5.3.6.jar;C:\Users\3020s\.m2\repository\org\apache\httpcomponents\core5\httpcore5-h2\5.3.6\httpcore5-h2-5.3.6.jar;C:\Users\3020s\.m2\repository\com\fasterxml\jackson\core\jackson-databind\2.21.2\jackson-databind-2.21.2.jar;C:\Users\3020s\.m2\repository\org\springframework\cloud\spring-cloud-starter-netflix-eureka-client\4.3.1\spring-cloud-starter-netflix-eureka-client-4.3.1.jar;C:\Users\3020s\.m2\repository\org\springframework\cloud\spring-cloud-netflix-eureka-client\4.3.1\spring-cloud-netflix-eureka-client-4.3.1.jar;C:\Users\3020s\.m2\repository\com\netflix\eureka\eureka-client\2.0.5\eureka-client-2.0.5.jar;C:\Users\3020s\.m2\repository\com\thoughtworks\xstream\xstream\1.4.21\xstream-1.4.21.jar;C:\Users\3020s\.m2\repository\io\github\x-stream\mxparser\1.2.2\mxparser-1.2.2.jar;C:\Users\3020s\.m2\repository\xmlpull\xmlpull\1.1.3.1\xmlpull-1.1.3.1.jar;C:\Users\3020s\.m2\repository\jakarta\ws\rs\jakarta.ws.rs-api\3.1.0\jakarta.ws.rs-api-3.1.0.jar;C:\Users\3020s\.m2\repository\jakarta\inject\jakarta.inject-api\2.0.1\jakarta.inject-api-2.0.1.jar;C:\Users\3020s\.m2\repository\com\netflix\spectator\spectator-api\1.7.3\spectator-api-1.7.3.jar;C:\Users\3020s\.m2\repository\org\apache\httpcomponents\httpclient\4.5.3\httpclient-4.5.3.jar;C:\Users\3020s\.m2\repository\org\apache\httpcomponents\httpcore\4.4.16\httpcore-4.4.16.jar;C:\Users\3020s\.m2\repository\commons-configuration\commons-configuration\1.10\commons-configuration-1.10.jar;C:\Users\3020s\.m2\repository\commons-lang\commons-lang\2.6\commons-lang-2.6.jar;C:\Users\3020s\.m2\repository\com\netflix\netflix-commons\netflix-eventbus\0.3.0\netflix-eventbus-0.3.0.jar;C:\Users\3020s\.m2\repository\com\netflix\netflix-commons\netflix-infix\0.3.0\netflix-infix-0.3.0.jar;C:\Users\3020s\.m2\repository\commons-jxpath\commons-jxpath\1.3\commons-jxpath-1.3.jar;C:\Users\3020s\.m2\repository\joda-time\joda-time\2.3\joda-time-2.3.jar;C:\Users\3020s\.m2\repository\org\antlr\antlr-runtime\3.4\antlr-runtime-3.4.jar;C:\Users\3020s\.m2\repository\org\antlr\stringtemplate\3.2.1\stringtemplate-3.2.1.jar;C:\Users\3020s\.m2\repository\antlr\antlr\2.7.7\antlr-2.7.7.jar;C:\Users\3020s\.m2\repository\com\google\code\gson\gson\2.13.2\gson-2.13.2.jar;C:\Users\3020s\.m2\repository\com\netflix\servo\servo-core\0.5.3\servo-core-0.5.3.jar;C:\Users\3020s\.m2\repository\org\apache\commons\commons-math\2.2\commons-math-2.2.jar;C:\Users\3020s\.m2\repository\javax\annotation\javax.annotation-api\1.2\javax.annotation-api-1.2.jar;C:\Users\3020s\.m2\repository\org\codehaus\jettison\jettison\1.5.4\jettison-1.5.4.jar;C:\Users\3020s\.m2\repository\org\springframework\cloud\spring-cloud-starter-loadbalancer\4.3.1\spring-cloud-starter-loadbalancer-4.3.1.jar;C:\Users\3020s\.m2\repository\org\springframework\cloud\spring-cloud-loadbalancer\4.3.1\spring-cloud-loadbalancer-4.3.1.jar;C:\Users\3020s\.m2\repository\io\projectreactor\reactor-core\3.7.18\reactor-core-3.7.18.jar;C:\Users\3020s\.m2\repository\org\reactivestreams\reactive-streams\1.0.4\reactive-streams-1.0.4.jar;C:\Users\3020s\.m2\repository\io\projectreactor\addons\reactor-extra\3.5.4\reactor-extra-3.5.4.jar;C:\Users\3020s\.m2\repository\org\springframework\spring-context-support\6.2.18\spring-context-support-6.2.18.jar;C:\Users\3020s\.m2\repository\com\stoyanr\evictor\1.0.0\evictor-1.0.0.jar;C:\Users\3020s\.m2\repository\org\springframework\cloud\spring-cloud-starter-openfeign\4.3.1\spring-cloud-starter-openfeign-4.3.1.jar;C:\Users\3020s\.m2\repository\org\springframework\cloud\spring-cloud-openfeign-core\4.3.1\spring-cloud-openfeign-core-4.3.1.jar;C:\Users\3020s\.m2\repository\io\github\openfeign\feign-form-spring\13.6\feign-form-spring-13.6.jar;C:\Users\3020s\.m2\repository\org\apache\commons\commons-text\1.13.0\commons-text-1.13.0.jar;C:\Users\3020s\.m2\repository\io\github\openfeign\feign-form\13.6\feign-form-13.6.jar;C:\Users\3020s\.m2\repository\commons-fileupload\commons-fileupload\1.5\commons-fileupload-1.5.jar;C:\Users\3020s\.m2\repository\org\springframework\cloud\spring-cloud-commons\4.3.1\spring-cloud-commons-4.3.1.jar;C:\Users\3020s\.m2\repository\org\springframework\security\spring-security-crypto\6.5.10\spring-security-crypto-6.5.10.jar;C:\Users\3020s\.m2\repository\io\github\openfeign\feign-core\13.6\feign-core-13.6.jar;C:\Users\3020s\.m2\repository\io\github\openfeign\feign-slf4j\13.6\feign-slf4j-13.6.jar;C:\Users\3020s\.m2\repository\org\springframework\spring-aop\6.2.18\spring-aop-6.2.18.jar;C:\Users\3020s\.m2\repository\org\springframework\security\spring-security-config\6.5.10\spring-security-config-6.5.10.jar;C:\Users\3020s\.m2\repository\org\springframework\security\spring-security-core\6.5.10\spring-security-core-6.5.10.jar;C:\Users\3020s\.m2\repository\org\springframework\security\spring-security-web\6.5.10\spring-security-web-6.5.10.jar;C:\Users\3020s\.m2\repository\jakarta\xml\bind\jakarta.xml.bind-api\4.0.4\jakarta.xml.bind-api-4.0.4.jar;C:\Users\3020s\.m2\repository\jakarta\activation\jakarta.activation-api\2.1.4\jakarta.activation-api-2.1.4.jar;C:\Users\3020s\.m2\repository\org\springframework\spring-core\6.2.18\spring-core-6.2.18.jar;C:\Users\3020s\.m2\repository\org\springframework\spring-jcl\6.2.18\spring-jcl-6.2.18.jar;C:\Users\3020s\.m2\repository\org\aspectj\aspectjweaver\1.9.25.1\aspectjweaver-1.9.25.1.jar;C:\Users\3020s\.m2\repository\org\springdoc\springdoc-openapi-starter-webmvc-ui\2.8.5\springdoc-openapi-starter-webmvc-ui-2.8.5.jar;C:\Users\3020s\.m2\repository\org\springdoc\springdoc-openapi-starter-webmvc-api\2.8.5\springdoc-openapi-starter-webmvc-api-2.8.5.jar;C:\Users\3020s\.m2\repository\org\springdoc\springdoc-openapi-starter-common\2.8.5\springdoc-openapi-starter-common-2.8.5.jar;C:\Users\3020s\.m2\repository\io\swagger\core\v3\swagger-core-jakarta\2.2.28\swagger-core-jakarta-2.2.28.jar;C:\Users\3020s\.m2\repository\io\swagger\core\v3\swagger-annotations-jakarta\2.2.28\swagger-annotations-jakarta-2.2.28.jar;C:\Users\3020s\.m2\repository\io\swagger\core\v3\swagger-models-jakarta\2.2.28\swagger-models-jakarta-2.2.28.jar;C:\Users\3020s\.m2\repository\com\fasterxml\jackson\dataformat\jackson-dataformat-yaml\2.21.2\jackson-dataformat-yaml-2.21.2.jar;C:\Users\3020s\.m2\repository\org\webjars\swagger-ui\5.18.3\swagger-ui-5.18.3.jar;C:\Users\3020s\.m2\repository\org\webjars\webjars-locator-lite\1.1.3\webjars-locator-lite-1.1.3.jar;C:\Users\3020s\.m2\repository\org\jspecify\jspecify\1.0.0\jspecify-1.0.0.jar;C:\Users\3020s\.m2\repository\io\minio\minio\8.6.0\minio-8.6.0.jar;C:\Users\3020s\.m2\repository\com\carrotsearch\thirdparty\simple-xml-safe\2.7.1\simple-xml-safe-2.7.1.jar;C:\Users\3020s\.m2\repository\com\google\guava\guava\33.4.8-jre\guava-33.4.8-jre.jar;C:\Users\3020s\.m2\repository\com\google\guava\failureaccess\1.0.3\failureaccess-1.0.3.jar;C:\Users\3020s\.m2\repository\com\google\guava\listenablefuture\9999.0-empty-to-avoid-conflict-with-guava\listenablefuture-9999.0-empty-to-avoid-conflict-with-guava.jar;C:\Users\3020s\.m2\repository\com\google\errorprone\error_prone_annotations\2.36.0\error_prone_annotations-2.36.0.jar;C:\Users\3020s\.m2\repository\com\google\j2objc\j2objc-annotations\3.0.0\j2objc-annotations-3.0.0.jar;C:\Users\3020s\.m2\repository\com\squareup\okhttp3\okhttp\4.12.0\okhttp-4.12.0.jar;C:\Users\3020s\.m2\repository\com\squareup\okio\okio\3.6.0\okio-3.6.0.jar;C:\Users\3020s\.m2\repository\com\squareup\okio\okio-jvm\3.6.0\okio-jvm-3.6.0.jar;C:\Users\3020s\.m2\repository\org\jetbrains\kotlin\kotlin-stdlib-common\1.9.25\kotlin-stdlib-common-1.9.25.jar;C:\Users\3020s\.m2\repository\org\jetbrains\kotlin\kotlin-stdlib-jdk8\1.9.25\kotlin-stdlib-jdk8-1.9.25.jar;C:\Users\3020s\.m2\repository\org\jetbrains\kotlin\kotlin-stdlib\1.9.25\kotlin-stdlib-1.9.25.jar;C:\Users\3020s\.m2\repository\org\jetbrains\annotations\13.0\annotations-13.0.jar;C:\Users\3020s\.m2\repository\org\jetbrains\kotlin\kotlin-stdlib-jdk7\1.9.25\kotlin-stdlib-jdk7-1.9.25.jar;C:\Users\3020s\.m2\repository\com\fasterxml\jackson\core\jackson-annotations\2.21\jackson-annotations-2.21.jar;C:\Users\3020s\.m2\repository\com\fasterxml\jackson\core\jackson-core\2.21.2\jackson-core-2.21.2.jar;C:\Users\3020s\.m2\repository\org\bouncycastle\bcprov-jdk18on\1.81\bcprov-jdk18on-1.81.jar;C:\Users\3020s\.m2\repository\org\apache\commons\commons-compress\1.28.0\commons-compress-1.28.0.jar;C:\Users\3020s\.m2\repository\commons-io\commons-io\2.20.0\commons-io-2.20.0.jar;C:\Users\3020s\.m2\repository\org\apache\commons\commons-lang3\3.17.0\commons-lang3-3.17.0.jar;C:\Users\3020s\.m2\repository\commons-codec\commons-codec\1.18.0\commons-codec-1.18.0.jar;C:\Users\3020s\.m2\repository\org\xerial\snappy\snappy-java\1.1.10.7\snappy-java-1.1.10.7.jar;C:\Users\3020s\.m2\repository\org\thymeleaf\thymeleaf-spring6\3.1.5.RELEASE\thymeleaf-spring6-3.1.5.RELEASE.jar;C:\Users\3020s\.m2\repository\org\thymeleaf\thymeleaf\3.1.5.RELEASE\thymeleaf-3.1.5.RELEASE.jar;C:\Users\3020s\.m2\repository\org\attoparser\attoparser\2.0.7.RELEASE\attoparser-2.0.7.RELEASE.jar;C:\Users\3020s\.m2\repository\org\unbescape\unbescape\1.1.6.RELEASE\unbescape-1.1.6.RELEASE.jar;C:\Users\3020s\.m2\repository\com\itextpdf\html2pdf\5.0.3\html2pdf-5.0.3.jar;C:\Users\3020s\.m2\repository\com\itextpdf\forms\8.0.3\forms-8.0.3.jar;C:\Users\3020s\.m2\repository\com\itextpdf\kernel\8.0.3\kernel-8.0.3.jar;C:\Users\3020s\.m2\repository\com\itextpdf\bouncy-castle-connector\8.0.3\bouncy-castle-connector-8.0.3.jar;C:\Users\3020s\.m2\repository\com\itextpdf\io\8.0.3\io-8.0.3.jar;C:\Users\3020s\.m2\repository\com\itextpdf\commons\8.0.3\commons-8.0.3.jar;C:\Users\3020s\.m2\repository\com\itextpdf\layout\8.0.3\layout-8.0.3.jar;C:\Users\3020s\.m2\repository\com\itextpdf\pdfa\8.0.3\pdfa-8.0.3.jar;C:\Users\3020s\.m2\repository\com\itextpdf\svg\8.0.3\svg-8.0.3.jar;C:\Users\3020s\.m2\repository\com\itextpdf\styled-xml-parser\8.0.3\styled-xml-parser-8.0.3.jar;C:\Users\3020s\.m2\repository\org\slf4j\slf4j-api\2.0.17\slf4j-api-2.0.17.jar;C:\Users\3020s\.m2\repository\com\google\zxing\core\3.5.3\core-3.5.3.jar;C:\Users\3020s\.m2\repository\com\google\zxing\javase\3.5.3\javase-3.5.3.jar;C:\Users\3020s\.m2\repository\com\beust\jcommander\1.82\jcommander-1.82.jar;C:\Users\3020s\.m2\repository\com\github\jai-imageio\jai-imageio-core\1.4.0\jai-imageio-core-1.4.0.jar
Launcher Type: SUN_STANDARD

[Global flags]
     intx CICompilerCount                          = 3                                         {product} {ergonomic}
     uint ConcGCThreads                            = 1                                         {product} {ergonomic}
     uint G1ConcRefinementThreads                  = 4                                         {product} {ergonomic}
   size_t G1HeapRegionSize                         = 1048576                                   {product} {ergonomic}
    uintx GCDrainStackTargetSize                   = 64                                        {product} {ergonomic}
   size_t InitialHeapSize                          = 132120576                                 {product} {ergonomic}
   size_t MarkStackSize                            = 4194304                                   {product} {ergonomic}
   size_t MaxHeapSize                              = 2105540608                                {product} {ergonomic}
   size_t MaxNewSize                               = 1262485504                                {product} {ergonomic}
   size_t MinHeapDeltaBytes                        = 1048576                                   {product} {ergonomic}
   size_t MinHeapSize                              = 8388608                                   {product} {ergonomic}
    uintx NonNMethodCodeHeapSize                   = 4096                                   {pd product} {ergonomic}
    uintx NonProfiledCodeHeapSize                  = 0                                      {pd product} {ergonomic}
     bool ProfileInterpreter                       = false                                  {pd product} {command line}
    uintx ProfiledCodeHeapSize                     = 0                                      {pd product} {ergonomic}
   size_t SoftMaxHeapSize                          = 2105540608                             {manageable} {ergonomic}
     intx TieredStopAtLevel                        = 1                                         {product} {command line}
     bool UseCompressedOops                        = true                           {product lp64_product} {ergonomic}
     bool UseG1GC                                  = true                                      {product} {ergonomic}
     bool UseLargePagesIndividualAllocation        = false                                  {pd product} {ergonomic}

Logging:
Log output configuration:
 #0: stdout all=warning uptime,level,tags foldmultilines=false
 #1: stderr all=off uptime,level,tags foldmultilines=false

Release file:
IMPLEMENTOR="Eclipse Adoptium" 
IMPLEMENTOR_VERSION="Temurin-21.0.10+7" 
JAVA_RUNTIME_VERSION="21.0.10+7-LTS" 
JAVA_VERSION="21.0.10" 
JAVA_VERSION_DATE="2026-01-20" 
LIBC="default" 
MODULES="java.base java.compiler java.datatransfer java.xml java.prefs java.desktop java.instrument java.logging java.management java.security.sasl java.naming java.rmi java.management.rmi java.net.http java.scripting java.security.jgss java.transaction.xa java.sql java.sql.rowset java.xml.crypto java.se java.smartcardio jdk.accessibility jdk.internal.jvmstat jdk.attach jdk.charsets jdk.internal.opt jdk.zipfs jdk.compiler jdk.crypto.ec jdk.crypto.cryptoki jdk.crypto.mscapi jdk.dynalink jdk.internal.ed jdk.editpad jdk.hotspot.agent jdk.httpserver jdk.incubator.vector jdk.internal.le jdk.internal.vm.ci jdk.internal.vm.compiler jdk.internal.vm.compiler.management jdk.jartool jdk.javadoc jdk.jcmd jdk.management jdk.management.agent jdk.jconsole jdk.jdeps jdk.jdwp.agent jdk.jdi jdk.jfr jdk.jlink jdk.jpackage jdk.jshell jdk.jsobject jdk.jstatd jdk.localedata jdk.management.jfr jdk.naming.dns jdk.naming.rmi jdk.net jdk.nio.mapmode jdk.random jdk.sctp jdk.security.auth jdk.security.jgss jdk.unsupported jdk.unsupported.desktop jdk.xml.dom" 
OS_ARCH="x86_64" 
OS_NAME="Windows" 
SOURCE=".:git:a633eafe0fcc" 
BUILD_SOURCE="git:458965074606f027bd5afce2cfd5c1055dea0438"
BUILD_SOURCE_REPO="https://github.com/adoptium/temurin-build.git"
SOURCE_REPO="https://github.com/adoptium/jdk21u.git"
FULL_VERSION="21.0.10+7-LTS"
SEMANTIC_VERSION="21.0.10+7"
BUILD_INFO="OS: Windows Server 2022 Version: 10.0"
JVM_VARIANT="Hotspot"
JVM_VERSION="21.0.10+7-LTS"
IMAGE_TYPE="JDK"

Environment Variables:
JAVA_HOME=C:\Program Files\Eclipse Adoptium\jdk-21.0.10.7-hotspot\
PATH=C:\Users\3020s\OneDrive\Escritorio\8Sem\taller software\runner_taller_desarrollo\node_modules\.bin;C:\Users\3020s\OneDrive\Escritorio\8Sem\taller software\node_modules\.bin;C:\Users\3020s\OneDrive\Escritorio\8Sem\node_modules\.bin;C:\Users\3020s\OneDrive\Escritorio\node_modules\.bin;C:\Users\3020s\OneDrive\node_modules\.bin;C:\Users\3020s\node_modules\.bin;C:\Users\node_modules\.bin;C:\node_modules\.bin;C:\Users\3020s\AppData\Roaming\nvm\v25.2.1\node_modules\npm\node_modules\@npmcli\run-script\lib\node-gyp-bin;C:\Program Files\Eclipse Adoptium\jdk-21.0.10.7-hotspot\bin;c:\devkitPro\msys2\usr\bin;C:\Program Files\Eclipse Adoptium\jdk-17.0.16.8-hotspot\bin;C:\Program Files (x86)\Eclipse Adoptium\jdk-11.0.27.6-hotspot\bin;C:\flutter\flutter\bin;C:\jdk-11.0.21\bin;C:\Windows\system32;C:\Windows;C:\Windows\System32\Wbem;C:\Windows\System32\WindowsPowerShell\v1.0\;C:\Windows\System32\OpenSSH\;C:\Program Files\Microsoft SQL Server\150\Tools\Binn\;C:\Program Files\Microsoft SQL Server\Client SDK\ODBC\170\Tools\Binn\;C:\Program Files\dotnet\;C:\Program Files (x86)\Windows Kits\10\Windows Performance Toolkit\;C:\Program Files\Git\cmd;C:\Users\3020s\AppData\Roaming\nvm;C:\Program Files\nodejs;C:\Program Files\cursor\resources\app\bin;C:\Program Files\Docker\Docker\resources\bin;C:\Tools\apache-maven-3.8.7-bin\bin;C:\Program Files\GTK3-Runtime Win64\bin;C:\Users\3020s\AppData\Local\Programs\Python\Launcher\;C:\Users\3020s\AppData\Local\pnpm;C:\Users\3020s\AppData\Local\Microsoft\WindowsApps;C:\Microsoft VS Code\bin;C:\Users\3020s\.dotnet\tools;C:\Users\3020s\AppData\Local\GitHubDesktop\bin;C:\Users\3020s\AppData\Roaming\npm;C:\Users\3020s\AppData\Roaming\nvm;C:\Program Files\nodejs;C:\Users\3020s\.bun\bin;C:\Users\3020s\AppData\Local\Python\bin;C:\Users\3020s\AppData\Local\Programs\cursor\resources\app\bin
USERNAME=3020s
LANG=en_US.UTF-8
OS=Windows_NT
PROCESSOR_IDENTIFIER=Intel64 Family 6 Model 78 Stepping 3, GenuineIntel
TMP=C:\Users\3020s\AppData\Local\Temp
TEMP=C:\Users\3020s\AppData\Local\Temp




Periodic native trim disabled

---------------  S Y S T E M  ---------------

OS:
 Windows 10 , 64 bit Build 19041 (10.0.19041.5915)
OS uptime: 14 days 18:20 hours
Hyper-V role detected

CPU: total 4 (initial active 4) (2 cores per cpu, 2 threads per core) family 6 model 78 stepping 3 microcode 0xcc, cx8, cmov, fxsr, ht, mmx, 3dnowpref, sse, sse2, sse3, ssse3, sse4.1, sse4.2, popcnt, lzcnt, tsc, tscinvbit, avx, avx2, aes, erms, clmul, bmi1, bmi2, adx, fma, vzeroupper, clflush, clflushopt, hv, rdtscp, f16c
Processor Information for the first 4 processors :
  Max Mhz: 2592, Current Mhz: 2492, Mhz Limit: 2488

Memory: 4k page, system-wide physical 8030M (86M free)
TotalPageFile size 32606M (AvailPageFile size 2M)
current process WorkingSet (physical memory assigned to process): 71M, peak: 71M
current process commit charge ("private bytes"): 207M, peak: 207M

vm_info: OpenJDK 64-Bit Server VM (21.0.10+7-LTS) for windows-amd64 JRE (21.0.10+7-LTS), built on 2026-01-20T00:00:00Z by "admin" with MS VC++ 17.12 (VS2022)

END.
